"batch code","trace code","key code",url1,url2
AMS0007,DYP9N4DHJ,YPWZJVZ2M,https://seal-trace.com/?t=DYP9N4DHJ,https://seal-trace.com/?t=DYP9N4DHJ&k=YPWZJVZ2M
AMS0007,3UE6SN4ZE,SY5NHDDFL,https://seal-trace.com/?t=3UE6SN4ZE,https://seal-trace.com/?t=3UE6SN4ZE&k=SY5NHDDFL
AMS0007,ZAVSKVLYE,FCM65RYLC,https://seal-trace.com/?t=ZAVSKVLYE,https://seal-trace.com/?t=ZAVSKVLYE&k=FCM65RYLC
AMS0007,T2ERU3R64,TNUKXFMWH,https://seal-trace.com/?t=T2ERU3R64,https://seal-trace.com/?t=T2ERU3R64&k=TNUKXFMWH
AMS0007,2RJHV99NY,Y6ANY7RZ3,https://seal-trace.com/?t=2RJHV99NY,https://seal-trace.com/?t=2RJHV99NY&k=Y6ANY7RZ3
AMS0007,XKYESNZR2,FPTSZJLM5,https://seal-trace.com/?t=XKYESNZR2,https://seal-trace.com/?t=XKYESNZR2&k=FPTSZJLM5
AMS0007,CYXVCJ65S,5DCXCXDHK,https://seal-trace.com/?t=CYXVCJ65S,https://seal-trace.com/?t=CYXVCJ65S&k=5DCXCXDHK
AMS0007,5DMSZJKW5,E2KWY24Y6,https://seal-trace.com/?t=5DMSZJKW5,https://seal-trace.com/?t=5DMSZJKW5&k=E2KWY24Y6
AMS0007,4NRLKEHLD,PDCWVXDR3,https://seal-trace.com/?t=4NRLKEHLD,https://seal-trace.com/?t=4NRLKEHLD&k=PDCWVXDR3
AMS0007,2Z4RVNV4J,JZRYXFCPU,https://seal-trace.com/?t=2Z4RVNV4J,https://seal-trace.com/?t=2Z4RVNV4J&k=JZRYXFCPU
AMS0007,PPXVR4MK9,3WFJDKA7U,https://seal-trace.com/?t=PPXVR4MK9,https://seal-trace.com/?t=PPXVR4MK9&k=3WFJDKA7U
AMS0007,VC9VRLYWE,6HHRWDUCA,https://seal-trace.com/?t=VC9VRLYWE,https://seal-trace.com/?t=VC9VRLYWE&k=6HHRWDUCA
AMS0007,MN4AMCPEH,NJWZJ4DTM,https://seal-trace.com/?t=MN4AMCPEH,https://seal-trace.com/?t=MN4AMCPEH&k=NJWZJ4DTM
AMS0007,VV7KHS9KA,2RR2W92EX,https://seal-trace.com/?t=VV7KHS9KA,https://seal-trace.com/?t=VV7KHS9KA&k=2RR2W92EX
AMS0007,KSSVSZWFJ,7L46KA2K6,https://seal-trace.com/?t=KSSVSZWFJ,https://seal-trace.com/?t=KSSVSZWFJ&k=7L46KA2K6
AMS0007,KRJSXD42N,F7VMLSW6J,https://seal-trace.com/?t=KRJSXD42N,https://seal-trace.com/?t=KRJSXD42N&k=F7VMLSW6J
"batch code","trace code","key code",url1,url2
AMS0008,7P6ZLH7XZ,HTFXKJPYS,https://seal-trace.com/?t=7P6ZLH7XZ,https://seal-trace.com/?t=7P6ZLH7XZ&k=HTFXKJPYS
AMS0008,A7AX2T4UX,DPMVF9SVU,https://seal-trace.com/?t=A7AX2T4UX,https://seal-trace.com/?t=A7AX2T4UX&k=DPMVF9SVU
AMS0008,6VS9XC6Y5,KDL3UJNAW,https://seal-trace.com/?t=6VS9XC6Y5,https://seal-trace.com/?t=6VS9XC6Y5&k=KDL3UJNAW
AMS0008,CW6H5WCM3,KV4YKXWX7,https://seal-trace.com/?t=CW6H5WCM3,https://seal-trace.com/?t=CW6H5WCM3&k=KV4YKXWX7
AMS0008,SS7E5354P,LYZ63RPVW,https://seal-trace.com/?t=SS7E5354P,https://seal-trace.com/?t=SS7E5354P&k=LYZ63RPVW
AMS0008,JU69FAFCJ,SLFJPJJFU,https://seal-trace.com/?t=JU69FAFCJ,https://seal-trace.com/?t=JU69FAFCJ&k=SLFJPJJFU
AMS0008,EVLJ6SWNX,VPS9EFPVA,https://seal-trace.com/?t=EVLJ6SWNX,https://seal-trace.com/?t=EVLJ6SWNX&k=VPS9EFPVA
AMS0008,RMLMA54MC,K9W6T3X5S,https://seal-trace.com/?t=RMLMA54MC,https://seal-trace.com/?t=RMLMA54MC&k=K9W6T3X5S
AMS0008,3REL75NYJ,NR4U676U4,https://seal-trace.com/?t=3REL75NYJ,https://seal-trace.com/?t=3REL75NYJ&k=NR4U676U4
AMS0008,YTE9L77PM,3THURXNEW,https://seal-trace.com/?t=YTE9L77PM,https://seal-trace.com/?t=YTE9L77PM&k=3THURXNEW
AMS0008,56FL5U39U,KM4N24CY7,https://seal-trace.com/?t=56FL5U39U,https://seal-trace.com/?t=56FL5U39U&k=KM4N24CY7
AMS0008,PNYEMYYFJ,MFAHZLE3X,https://seal-trace.com/?t=PNYEMYYFJ,https://seal-trace.com/?t=PNYEMYYFJ&k=MFAHZLE3X
AMS0008,T46YXP74S,XUUU9UHDL,https://seal-trace.com/?t=T46YXP74S,https://seal-trace.com/?t=T46YXP74S&k=XUUU9UHDL
AMS0008,ZN5URDAPT,W2DHRVWXF,https://seal-trace.com/?t=ZN5URDAPT,https://seal-trace.com/?t=ZN5URDAPT&k=W2DHRVWXF
AMS0008,UNHYN96CP,UCELMEJPJ,https://seal-trace.com/?t=UNHYN96CP,https://seal-trace.com/?t=UNHYN96CP&k=UCELMEJPJ
AMS0008,TMYRTA2YC,FW9E6ZS5E,https://seal-trace.com/?t=TMYRTA2YC,https://seal-trace.com/?t=TMYRTA2YC&k=FW9E6ZS5E
"batch code","trace code","key code",url1,url2
MAL0055,FF9Z42UC3,TAYNZEH2M,https://seal-trace.com/?t=FF9Z42UC3,https://seal-trace.com/?t=FF9Z42UC3&k=TAYNZEH2M
MAL0055,XEA735Z3N,24TTFZRAV,https://seal-trace.com/?t=XEA735Z3N,https://seal-trace.com/?t=XEA735Z3N&k=24TTFZRAV
MAL0055,L5296ASWD,ZSAZLVZ27,https://seal-trace.com/?t=L5296ASWD,https://seal-trace.com/?t=L5296ASWD&k=ZSAZLVZ27
MAL0055,LT5MU7KJT,CP22EZWCR,https://seal-trace.com/?t=LT5MU7KJT,https://seal-trace.com/?t=LT5MU7KJT&k=CP22EZWCR
MAL0055,K29KYWXRA,SVD4WDHXK,https://seal-trace.com/?t=K29KYWXRA,https://seal-trace.com/?t=K29KYWXRA&k=SVD4WDHXK
MAL0055,E4FS33E43,XAEVLT2YD,https://seal-trace.com/?t=E4FS33E43,https://seal-trace.com/?t=E4FS33E43&k=XAEVLT2YD
MAL0055,US5ZHLMX7,MVW5NDCCH,https://seal-trace.com/?t=US5ZHLMX7,https://seal-trace.com/?t=US5ZHLMX7&k=MVW5NDCCH
MAL0055,9Y4LUPD6S,S67XJPPL2,https://seal-trace.com/?t=9Y4LUPD6S,https://seal-trace.com/?t=9Y4LUPD6S&k=S67XJPPL2
MAL0055,LJV263SJV,MYDWC6YHX,https://seal-trace.com/?t=LJV263SJV,https://seal-trace.com/?t=LJV263SJV&k=MYDWC6YHX
MAL0055,FPMLTHDJ3,ZHN4JMRXH,https://seal-trace.com/?t=FPMLTHDJ3,https://seal-trace.com/?t=FPMLTHDJ3&k=ZHN4JMRXH
MAL0055,ES99UNCW7,VUEMMVEPS,https://seal-trace.com/?t=ES99UNCW7,https://seal-trace.com/?t=ES99UNCW7&k=VUEMMVEPS
MAL0055,7HFF6LA43,M2CXED6MM,https://seal-trace.com/?t=7HFF6LA43,https://seal-trace.com/?t=7HFF6LA43&k=M2CXED6MM
MAL0055,JL43F7RRW,LDTPC475X,https://seal-trace.com/?t=JL43F7RRW,https://seal-trace.com/?t=JL43F7RRW&k=LDTPC475X
MAL0055,XRU2VS9HF,ZPEKJY6NZ,https://seal-trace.com/?t=XRU2VS9HF,https://seal-trace.com/?t=XRU2VS9HF&k=ZPEKJY6NZ
MAL0055,5SKXNKEJU,U3D3RJNLN,https://seal-trace.com/?t=5SKXNKEJU,https://seal-trace.com/?t=5SKXNKEJU&k=U3D3RJNLN
MAL0055,Z7AFJA9S7,PW59MADXD,https://seal-trace.com/?t=Z7AFJA9S7,https://seal-trace.com/?t=Z7AFJA9S7&k=PW59MADXD
"batch code","trace code","key code",url1,url2
MAL0056,2FUMEFF9W,WJZ49HKVM,https://seal-trace.com/?t=2FUMEFF9W,https://seal-trace.com/?t=2FUMEFF9W&k=WJZ49HKVM
MAL0056,KZXHYASDL,VAXZ2RXCC,https://seal-trace.com/?t=KZXHYASDL,https://seal-trace.com/?t=KZXHYASDL&k=VAXZ2RXCC
MAL0056,77SFX3PYU,5AFM7WLAP,https://seal-trace.com/?t=77SFX3PYU,https://seal-trace.com/?t=77SFX3PYU&k=5AFM7WLAP
MAL0056,5MZJL5P6A,YYE5VYZD9,https://seal-trace.com/?t=5MZJL5P6A,https://seal-trace.com/?t=5MZJL5P6A&k=YYE5VYZD9
MAL0056,JA2Z9LR6P,CYMUUVNSN,https://seal-trace.com/?t=JA2Z9LR6P,https://seal-trace.com/?t=JA2Z9LR6P&k=CYMUUVNSN
MAL0056,VJKY5UXTZ,EA4FFD55S,https://seal-trace.com/?t=VJKY5UXTZ,https://seal-trace.com/?t=VJKY5UXTZ&k=EA4FFD55S
MAL0056,7DLUDXPHE,7E7VZ59K5,https://seal-trace.com/?t=7DLUDXPHE,https://seal-trace.com/?t=7DLUDXPHE&k=7E7VZ59K5
MAL0056,R7M7RY6HZ,VSLTYY6CX,https://seal-trace.com/?t=R7M7RY6HZ,https://seal-trace.com/?t=R7M7RY6HZ&k=VSLTYY6CX
MAL0056,KHXS6KASU,YYUK7PEHY,https://seal-trace.com/?t=KHXS6KASU,https://seal-trace.com/?t=KHXS6KASU&k=YYUK7PEHY
MAL0056,NAJ777LEJ,HSX3TM3YZ,https://seal-trace.com/?t=NAJ777LEJ,https://seal-trace.com/?t=NAJ777LEJ&k=HSX3TM3YZ
MAL0056,E2J7Z3TV7,JX7ZWERUT,https://seal-trace.com/?t=E2J7Z3TV7,https://seal-trace.com/?t=E2J7Z3TV7&k=JX7ZWERUT
MAL0056,KRDR3DPMA,X3YZLRWJR,https://seal-trace.com/?t=KRDR3DPMA,https://seal-trace.com/?t=KRDR3DPMA&k=X3YZLRWJR
MAL0056,H2ZHVLDDY,KJ9JXC5ZX,https://seal-trace.com/?t=H2ZHVLDDY,https://seal-trace.com/?t=H2ZHVLDDY&k=KJ9JXC5ZX
MAL0056,AN7AE5VEZ,9LKJNL9WA,https://seal-trace.com/?t=AN7AE5VEZ,https://seal-trace.com/?t=AN7AE5VEZ&k=9LKJNL9WA
MAL0056,ECFD6W99L,TCYMDWEWM,https://seal-trace.com/?t=ECFD6W99L,https://seal-trace.com/?t=ECFD6W99L&k=TCYMDWEWM
MAL0056,KFWNNYYZZ,HK77P7UYJ,https://seal-trace.com/?t=KFWNNYYZZ,https://seal-trace.com/?t=KFWNNYYZZ&k=HK77P7UYJ
"batch code","trace code","key code",url1,url2
MAL0057,S547ELNVC,MVCU6MMV4,https://seal-trace.com/?t=S547ELNVC,https://seal-trace.com/?t=S547ELNVC&k=MVCU6MMV4
MAL0057,PN7HSZRMX,ZEWAKRUX3,https://seal-trace.com/?t=PN7HSZRMX,https://seal-trace.com/?t=PN7HSZRMX&k=ZEWAKRUX3
MAL0057,FNC2EZL5M,YUWNXUVST,https://seal-trace.com/?t=FNC2EZL5M,https://seal-trace.com/?t=FNC2EZL5M&k=YUWNXUVST
MAL0057,J2MWKTPW4,DHCYME3Y9,https://seal-trace.com/?t=J2MWKTPW4,https://seal-trace.com/?t=J2MWKTPW4&k=DHCYME3Y9
MAL0057,SPRYK29K3,5XKXMLJLD,https://seal-trace.com/?t=SPRYK29K3,https://seal-trace.com/?t=SPRYK29K3&k=5XKXMLJLD
MAL0057,M29THLTNH,SNJXY63XT,https://seal-trace.com/?t=M29THLTNH,https://seal-trace.com/?t=M29THLTNH&k=SNJXY63XT
MAL0057,YY9TM2X3T,PJA526SKZ,https://seal-trace.com/?t=YY9TM2X3T,https://seal-trace.com/?t=YY9TM2X3T&k=PJA526SKZ
MAL0057,6YCE9FMCE,5Y9RU4KZU,https://seal-trace.com/?t=6YCE9FMCE,https://seal-trace.com/?t=6YCE9FMCE&k=5Y9RU4KZU
MAL0057,WZS9MTH6A,4T9F7XVNY,https://seal-trace.com/?t=WZS9MTH6A,https://seal-trace.com/?t=WZS9MTH6A&k=4T9F7XVNY
MAL0057,S52W4KZME,PDMHUEJZZ,https://seal-trace.com/?t=S52W4KZME,https://seal-trace.com/?t=S52W4KZME&k=PDMHUEJZZ
MAL0057,K5DWNUPRL,3DZ7FRKX3,https://seal-trace.com/?t=K5DWNUPRL,https://seal-trace.com/?t=K5DWNUPRL&k=3DZ7FRKX3
MAL0057,3SUNZEKTM,MS445H96U,https://seal-trace.com/?t=3SUNZEKTM,https://seal-trace.com/?t=3SUNZEKTM&k=MS445H96U
MAL0057,XH5PW3XK2,PFMTEVX9D,https://seal-trace.com/?t=XH5PW3XK2,https://seal-trace.com/?t=XH5PW3XK2&k=PFMTEVX9D
MAL0057,VTTRUCLSJ,VFSU2VZPC,https://seal-trace.com/?t=VTTRUCLSJ,https://seal-trace.com/?t=VTTRUCLSJ&k=VFSU2VZPC
MAL0057,CJNPYN5MV,UUJARS55Z,https://seal-trace.com/?t=CJNPYN5MV,https://seal-trace.com/?t=CJNPYN5MV&k=UUJARS55Z
MAL0057,HRDDYNYUE,S4367J4WS,https://seal-trace.com/?t=HRDDYNYUE,https://seal-trace.com/?t=HRDDYNYUE&k=S4367J4WS
"batch code","trace code","key code",url1,url2
MAL0058,HDSDRSSFL,YTSW9SMRN,https://seal-trace.com/?t=HDSDRSSFL,https://seal-trace.com/?t=HDSDRSSFL&k=YTSW9SMRN
MAL0058,WL34CLFA3,LCJA4V6NC,https://seal-trace.com/?t=WL34CLFA3,https://seal-trace.com/?t=WL34CLFA3&k=LCJA4V6NC
MAL0058,Y6AWKRZ3C,PH6YJ7YWN,https://seal-trace.com/?t=Y6AWKRZ3C,https://seal-trace.com/?t=Y6AWKRZ3C&k=PH6YJ7YWN
MAL0058,799LHM46K,3ULS6LPC9,https://seal-trace.com/?t=799LHM46K,https://seal-trace.com/?t=799LHM46K&k=3ULS6LPC9
MAL0058,XECX5MTW2,SRUYPFEKA,https://seal-trace.com/?t=XECX5MTW2,https://seal-trace.com/?t=XECX5MTW2&k=SRUYPFEKA
MAL0058,YSUL25MAW,EH52P5LPN,https://seal-trace.com/?t=YSUL25MAW,https://seal-trace.com/?t=YSUL25MAW&k=EH52P5LPN
MAL0058,EUYY2VKY4,5TEKP5AYR,https://seal-trace.com/?t=EUYY2VKY4,https://seal-trace.com/?t=EUYY2VKY4&k=5TEKP5AYR
MAL0058,VURSUPD47,3Y3PT5HW7,https://seal-trace.com/?t=VURSUPD47,https://seal-trace.com/?t=VURSUPD47&k=3Y3PT5HW7
MAL0058,YXAEEHZMA,92HSTE5YU,https://seal-trace.com/?t=YXAEEHZMA,https://seal-trace.com/?t=YXAEEHZMA&k=92HSTE5YU
MAL0058,2X93DRMW4,7YXYVWDAT,https://seal-trace.com/?t=2X93DRMW4,https://seal-trace.com/?t=2X93DRMW4&k=7YXYVWDAT
MAL0058,JFMN2YUNH,R72NKPL64,https://seal-trace.com/?t=JFMN2YUNH,https://seal-trace.com/?t=JFMN2YUNH&k=R72NKPL64
MAL0058,5AHHMDJXM,FWZ4VDYME,https://seal-trace.com/?t=5AHHMDJXM,https://seal-trace.com/?t=5AHHMDJXM&k=FWZ4VDYME
MAL0058,9H497MNS5,PFCVF26SP,https://seal-trace.com/?t=9H497MNS5,https://seal-trace.com/?t=9H497MNS5&k=PFCVF26SP
MAL0058,AYKLHEXC6,WA4973RNU,https://seal-trace.com/?t=AYKLHEXC6,https://seal-trace.com/?t=AYKLHEXC6&k=WA4973RNU
MAL0058,9EAYM7UXL,96C5WKYSR,https://seal-trace.com/?t=9EAYM7UXL,https://seal-trace.com/?t=9EAYM7UXL&k=96C5WKYSR
MAL0058,SV9CASJD2,MZ6SXFRPY,https://seal-trace.com/?t=SV9CASJD2,https://seal-trace.com/?t=SV9CASJD2&k=MZ6SXFRPY
"batch code","trace code","key code",url1,url2
MAL0059,ZPJC7FUCM,ZDMD2FSFT,https://seal-trace.com/?t=ZPJC7FUCM,https://seal-trace.com/?t=ZPJC7FUCM&k=ZDMD2FSFT
MAL0059,3J7EPT572,M3HLMDE7L,https://seal-trace.com/?t=3J7EPT572,https://seal-trace.com/?t=3J7EPT572&k=M3HLMDE7L
MAL0059,WDAJ7PN5Y,NRPKV5PYA,https://seal-trace.com/?t=WDAJ7PN5Y,https://seal-trace.com/?t=WDAJ7PN5Y&k=NRPKV5PYA
MAL0059,P3KY3WA3H,6SEYKMEML,https://seal-trace.com/?t=P3KY3WA3H,https://seal-trace.com/?t=P3KY3WA3H&k=6SEYKMEML
MAL0059,29M5JPZS7,UFRVRUNRK,https://seal-trace.com/?t=29M5JPZS7,https://seal-trace.com/?t=29M5JPZS7&k=UFRVRUNRK
MAL0059,SK9RE3R53,EEYRL5UKS,https://seal-trace.com/?t=SK9RE3R53,https://seal-trace.com/?t=SK9RE3R53&k=EEYRL5UKS
MAL0059,R3YHZDLKU,VX6EYEJX7,https://seal-trace.com/?t=R3YHZDLKU,https://seal-trace.com/?t=R3YHZDLKU&k=VX6EYEJX7
MAL0059,CZTEJPDZK,ST42FPJPU,https://seal-trace.com/?t=CZTEJPDZK,https://seal-trace.com/?t=CZTEJPDZK&k=ST42FPJPU
MAL0059,2DN39CT7A,UA7NSAM9P,https://seal-trace.com/?t=2DN39CT7A,https://seal-trace.com/?t=2DN39CT7A&k=UA7NSAM9P
MAL0059,TCZV3XJ5N,EJLY3LCYH,https://seal-trace.com/?t=TCZV3XJ5N,https://seal-trace.com/?t=TCZV3XJ5N&k=EJLY3LCYH
MAL0059,6V5JAHSRM,JM4U5A9N7,https://seal-trace.com/?t=6V5JAHSRM,https://seal-trace.com/?t=6V5JAHSRM&k=JM4U5A9N7
MAL0059,NRTSE7K24,V5A2JCVPW,https://seal-trace.com/?t=NRTSE7K24,https://seal-trace.com/?t=NRTSE7K24&k=V5A2JCVPW
MAL0059,E49ELY433,RLM92HADC,https://seal-trace.com/?t=E49ELY433,https://seal-trace.com/?t=E49ELY433&k=RLM92HADC
MAL0059,3PVFTVTLW,JWA4YX62U,https://seal-trace.com/?t=3PVFTVTLW,https://seal-trace.com/?t=3PVFTVTLW&k=JWA4YX62U
MAL0059,J5KDWLF4L,C75ZJLHJ3,https://seal-trace.com/?t=J5KDWLF4L,https://seal-trace.com/?t=J5KDWLF4L&k=C75ZJLHJ3
MAL0059,VXST7HJ5X,9RXA7KP5A,https://seal-trace.com/?t=VXST7HJ5X,https://seal-trace.com/?t=VXST7HJ5X&k=9RXA7KP5A
"batch code","trace code","key code",url1,url2
MAL0060,CC6PPEJ3H,F94A9EXUD,https://seal-trace.com/?t=CC6PPEJ3H,https://seal-trace.com/?t=CC6PPEJ3H&k=F94A9EXUD
MAL0060,NEJTDFMVU,ZA7JEANU4,https://seal-trace.com/?t=NEJTDFMVU,https://seal-trace.com/?t=NEJTDFMVU&k=ZA7JEANU4
MAL0060,FSVW26J3F,RS794THPS,https://seal-trace.com/?t=FSVW26J3F,https://seal-trace.com/?t=FSVW26J3F&k=RS794THPS
MAL0060,S5KT9ACS9,WN33VSJH3,https://seal-trace.com/?t=S5KT9ACS9,https://seal-trace.com/?t=S5KT9ACS9&k=WN33VSJH3
MAL0060,4Y4PY69J2,XSJCPVHXT,https://seal-trace.com/?t=4Y4PY69J2,https://seal-trace.com/?t=4Y4PY69J2&k=XSJCPVHXT
MAL0060,MWAFF623W,EXN67JJPE,https://seal-trace.com/?t=MWAFF623W,https://seal-trace.com/?t=MWAFF623W&k=EXN67JJPE
MAL0060,C2VTWT4VT,7WKTWAVD5,https://seal-trace.com/?t=C2VTWT4VT,https://seal-trace.com/?t=C2VTWT4VT&k=7WKTWAVD5
MAL0060,ANNZL2K59,Y2ZTASA62,https://seal-trace.com/?t=ANNZL2K59,https://seal-trace.com/?t=ANNZL2K59&k=Y2ZTASA62
MAL0060,EYYFF7S6Z,N42FFJRPK,https://seal-trace.com/?t=EYYFF7S6Z,https://seal-trace.com/?t=EYYFF7S6Z&k=N42FFJRPK
MAL0060,WTSW7LA5Z,76M2NTW37,https://seal-trace.com/?t=WTSW7LA5Z,https://seal-trace.com/?t=WTSW7LA5Z&k=76M2NTW37
MAL0060,JUC5VNK25,VZDZYUMEH,https://seal-trace.com/?t=JUC5VNK25,https://seal-trace.com/?t=JUC5VNK25&k=VZDZYUMEH
MAL0060,VLALZXWHR,VHNE47NUW,https://seal-trace.com/?t=VLALZXWHR,https://seal-trace.com/?t=VLALZXWHR&k=VHNE47NUW
MAL0060,33PVYHF65,R5XXZ4KN7,https://seal-trace.com/?t=33PVYHF65,https://seal-trace.com/?t=33PVYHF65&k=R5XXZ4KN7
MAL0060,RLASWEACW,L9USS99JS,https://seal-trace.com/?t=RLASWEACW,https://seal-trace.com/?t=RLASWEACW&k=L9USS99JS
MAL0060,WZXMYF39M,K2NZ2EP7R,https://seal-trace.com/?t=WZXMYF39M,https://seal-trace.com/?t=WZXMYF39M&k=K2NZ2EP7R
MAL0060,LX2S62WNF,K7HN5NEDX,https://seal-trace.com/?t=LX2S62WNF,https://seal-trace.com/?t=LX2S62WNF&k=K7HN5NEDX
"batch code","trace code","key code",url1,url2
MAL0061,LS6DWZXC9,S4VF7VCU6,https://seal-trace.com/?t=LS6DWZXC9,https://seal-trace.com/?t=LS6DWZXC9&k=S4VF7VCU6
MAL0061,C52X5E5XP,A3T7JN6PR,https://seal-trace.com/?t=C52X5E5XP,https://seal-trace.com/?t=C52X5E5XP&k=A3T7JN6PR
MAL0061,VA295KRPS,R4797W9J7,https://seal-trace.com/?t=VA295KRPS,https://seal-trace.com/?t=VA295KRPS&k=R4797W9J7
MAL0061,KSDUD6XAJ,XRU2NTNUP,https://seal-trace.com/?t=KSDUD6XAJ,https://seal-trace.com/?t=KSDUD6XAJ&k=XRU2NTNUP
MAL0061,SHCJH7TZX,3DPNCTWNL,https://seal-trace.com/?t=SHCJH7TZX,https://seal-trace.com/?t=SHCJH7TZX&k=3DPNCTWNL
MAL0061,CNMDVFD2M,A5DKP2DKN,https://seal-trace.com/?t=CNMDVFD2M,https://seal-trace.com/?t=CNMDVFD2M&k=A5DKP2DKN
MAL0061,U2ENL7PUX,J733SUKA7,https://seal-trace.com/?t=U2ENL7PUX,https://seal-trace.com/?t=U2ENL7PUX&k=J733SUKA7
MAL0061,FH6RXNMZ3,ESYCNVU3M,https://seal-trace.com/?t=FH6RXNMZ3,https://seal-trace.com/?t=FH6RXNMZ3&k=ESYCNVU3M
MAL0061,6XRYS4KF5,NUZ4HY7L4,https://seal-trace.com/?t=6XRYS4KF5,https://seal-trace.com/?t=6XRYS4KF5&k=NUZ4HY7L4
MAL0061,3T62AYN93,KJYNKX9NL,https://seal-trace.com/?t=3T62AYN93,https://seal-trace.com/?t=3T62AYN93&k=KJYNKX9NL
MAL0061,Z5YF346ME,9VNKWHF3C,https://seal-trace.com/?t=Z5YF346ME,https://seal-trace.com/?t=Z5YF346ME&k=9VNKWHF3C
MAL0061,HHKMN9WCM,FCAW4UTY3,https://seal-trace.com/?t=HHKMN9WCM,https://seal-trace.com/?t=HHKMN9WCM&k=FCAW4UTY3
MAL0061,TYS45M4U3,KDHU6E3TS,https://seal-trace.com/?t=TYS45M4U3,https://seal-trace.com/?t=TYS45M4U3&k=KDHU6E3TS
MAL0061,KJNKYK5WU,MNEDDKDHC,https://seal-trace.com/?t=KJNKYK5WU,https://seal-trace.com/?t=KJNKYK5WU&k=MNEDDKDHC
MAL0061,LEJEFPYNA,CPVN6LDAY,https://seal-trace.com/?t=LEJEFPYNA,https://seal-trace.com/?t=LEJEFPYNA&k=CPVN6LDAY
MAL0061,X55MAAN5Y,EZTVHHMKS,https://seal-trace.com/?t=X55MAAN5Y,https://seal-trace.com/?t=X55MAAN5Y&k=EZTVHHMKS
"batch code","trace code","key code",url1,url2
MAL0062,PZU9ESJZD,TYPEXSDCX,https://seal-trace.com/?t=PZU9ESJZD,https://seal-trace.com/?t=PZU9ESJZD&k=TYPEXSDCX
MAL0062,2UA3RT5Y6,LNF3KYDEY,https://seal-trace.com/?t=2UA3RT5Y6,https://seal-trace.com/?t=2UA3RT5Y6&k=LNF3KYDEY
MAL0062,ZWXJ7LPMZ,54Z5MS9TJ,https://seal-trace.com/?t=ZWXJ7LPMZ,https://seal-trace.com/?t=ZWXJ7LPMZ&k=54Z5MS9TJ
MAL0062,Y5C65A4FY,E7CX4TV5X,https://seal-trace.com/?t=Y5C65A4FY,https://seal-trace.com/?t=Y5C65A4FY&k=E7CX4TV5X
MAL0062,WYEL6HP54,9M43P7UW6,https://seal-trace.com/?t=WYEL6HP54,https://seal-trace.com/?t=WYEL6HP54&k=9M43P7UW6
MAL0062,3XJALJK2Y,MU2ZTZ993,https://seal-trace.com/?t=3XJALJK2Y,https://seal-trace.com/?t=3XJALJK2Y&k=MU2ZTZ993
MAL0062,CK4YZMVEL,3S2ENPW2L,https://seal-trace.com/?t=CK4YZMVEL,https://seal-trace.com/?t=CK4YZMVEL&k=3S2ENPW2L
MAL0062,SXM4E7EVR,6HTMK5YHT,https://seal-trace.com/?t=SXM4E7EVR,https://seal-trace.com/?t=SXM4E7EVR&k=6HTMK5YHT
MAL0062,HVN2DFEFH,T9RAA6P3F,https://seal-trace.com/?t=HVN2DFEFH,https://seal-trace.com/?t=HVN2DFEFH&k=T9RAA6P3F
MAL0062,DCTC43TT7,HLYXRHEVD,https://seal-trace.com/?t=DCTC43TT7,https://seal-trace.com/?t=DCTC43TT7&k=HLYXRHEVD
MAL0062,PADYER73F,39ZAVEUPH,https://seal-trace.com/?t=PADYER73F,https://seal-trace.com/?t=PADYER73F&k=39ZAVEUPH
MAL0062,9DZMFTXYC,VNZXKVY6R,https://seal-trace.com/?t=9DZMFTXYC,https://seal-trace.com/?t=9DZMFTXYC&k=VNZXKVY6R
MAL0062,KTVHDYWEM,4PTFD6AP6,https://seal-trace.com/?t=KTVHDYWEM,https://seal-trace.com/?t=KTVHDYWEM&k=4PTFD6AP6
MAL0062,MZMLUCA7P,PCELFDTFT,https://seal-trace.com/?t=MZMLUCA7P,https://seal-trace.com/?t=MZMLUCA7P&k=PCELFDTFT
MAL0062,ZWACAWVWD,6A6RRVURM,https://seal-trace.com/?t=ZWACAWVWD,https://seal-trace.com/?t=ZWACAWVWD&k=6A6RRVURM
MAL0062,39AFMUSZT,W6494A3TH,https://seal-trace.com/?t=39AFMUSZT,https://seal-trace.com/?t=39AFMUSZT&k=W6494A3TH
"batch code","trace code","key code",url1,url2
MAL0063,ATTKZUX6N,DJ45ZCNKY,https://seal-trace.com/?t=ATTKZUX6N,https://seal-trace.com/?t=ATTKZUX6N&k=DJ45ZCNKY
MAL0063,ACLSRCMXC,AEFHPDTMK,https://seal-trace.com/?t=ACLSRCMXC,https://seal-trace.com/?t=ACLSRCMXC&k=AEFHPDTMK
MAL0063,4NS2EF2U7,4HHJX4UDK,https://seal-trace.com/?t=4NS2EF2U7,https://seal-trace.com/?t=4NS2EF2U7&k=4HHJX4UDK
MAL0063,WD3JRSLPE,7MMLYEKDD,https://seal-trace.com/?t=WD3JRSLPE,https://seal-trace.com/?t=WD3JRSLPE&k=7MMLYEKDD
MAL0063,HW7TXJCWD,4HATKYC43,https://seal-trace.com/?t=HW7TXJCWD,https://seal-trace.com/?t=HW7TXJCWD&k=4HATKYC43
MAL0063,JNAMZC6SR,RV5MXJ3EF,https://seal-trace.com/?t=JNAMZC6SR,https://seal-trace.com/?t=JNAMZC6SR&k=RV5MXJ3EF
MAL0063,RZXKLR456,VFVEMV6U6,https://seal-trace.com/?t=RZXKLR456,https://seal-trace.com/?t=RZXKLR456&k=VFVEMV6U6
MAL0063,KN96MVMKU,97VVM95X7,https://seal-trace.com/?t=KN96MVMKU,https://seal-trace.com/?t=KN96MVMKU&k=97VVM95X7
MAL0063,MAJM5AMJJ,X35Z3U9AH,https://seal-trace.com/?t=MAJM5AMJJ,https://seal-trace.com/?t=MAJM5AMJJ&k=X35Z3U9AH
MAL0063,XWFULZLE9,VNSNTXA5L,https://seal-trace.com/?t=XWFULZLE9,https://seal-trace.com/?t=XWFULZLE9&k=VNSNTXA5L
MAL0063,RZUC3FR9A,F95WN9WY5,https://seal-trace.com/?t=RZUC3FR9A,https://seal-trace.com/?t=RZUC3FR9A&k=F95WN9WY5
MAL0063,5729REDLL,UWZRDV3L7,https://seal-trace.com/?t=5729REDLL,https://seal-trace.com/?t=5729REDLL&k=UWZRDV3L7
MAL0063,PJTY2Z5L2,L35UW9RAV,https://seal-trace.com/?t=PJTY2Z5L2,https://seal-trace.com/?t=PJTY2Z5L2&k=L35UW9RAV
MAL0063,A6R4TM9W3,SMKZ47Z64,https://seal-trace.com/?t=A6R4TM9W3,https://seal-trace.com/?t=A6R4TM9W3&k=SMKZ47Z64
MAL0063,U55ATEVLN,5MY6Y9JK5,https://seal-trace.com/?t=U55ATEVLN,https://seal-trace.com/?t=U55ATEVLN&k=5MY6Y9JK5
MAL0063,7WAUL66FD,L72CUXXR6,https://seal-trace.com/?t=7WAUL66FD,https://seal-trace.com/?t=7WAUL66FD&k=L72CUXXR6
"batch code","trace code","key code",url1,url2
MAL0065,HPCAH95VU,JMVZALTZ7,https://seal-trace.com/?t=HPCAH95VU,https://seal-trace.com/?t=HPCAH95VU&k=JMVZALTZ7
MAL0065,43YY7JS9X,WXNHJXS6T,https://seal-trace.com/?t=43YY7JS9X,https://seal-trace.com/?t=43YY7JS9X&k=WXNHJXS6T
MAL0065,9P4NV9P7H,LLNYCFTWM,https://seal-trace.com/?t=9P4NV9P7H,https://seal-trace.com/?t=9P4NV9P7H&k=LLNYCFTWM
MAL0065,A4NMAV4UJ,2A2Y9ZM36,https://seal-trace.com/?t=A4NMAV4UJ,https://seal-trace.com/?t=A4NMAV4UJ&k=2A2Y9ZM36
MAL0065,HU3S7RJYK,W9YJARMRJ,https://seal-trace.com/?t=HU3S7RJYK,https://seal-trace.com/?t=HU3S7RJYK&k=W9YJARMRJ
MAL0065,A6X66U5RD,UZUYKEE3A,https://seal-trace.com/?t=A6X66U5RD,https://seal-trace.com/?t=A6X66U5RD&k=UZUYKEE3A
MAL0065,XRWF63SS9,VLFTSFAMC,https://seal-trace.com/?t=XRWF63SS9,https://seal-trace.com/?t=XRWF63SS9&k=VLFTSFAMC
MAL0065,A2S5STT7F,H56XAM4DR,https://seal-trace.com/?t=A2S5STT7F,https://seal-trace.com/?t=A2S5STT7F&k=H56XAM4DR
MAL0065,D2T7HJDE2,5Y2NX7SF9,https://seal-trace.com/?t=D2T7HJDE2,https://seal-trace.com/?t=D2T7HJDE2&k=5Y2NX7SF9
MAL0065,53HDMURPX,ZWU6NV5U4,https://seal-trace.com/?t=53HDMURPX,https://seal-trace.com/?t=53HDMURPX&k=ZWU6NV5U4
MAL0065,J3FHXYWWL,RUCSCALYN,https://seal-trace.com/?t=J3FHXYWWL,https://seal-trace.com/?t=J3FHXYWWL&k=RUCSCALYN
MAL0065,SL37ZVDTJ,SJFSFUYRM,https://seal-trace.com/?t=SL37ZVDTJ,https://seal-trace.com/?t=SL37ZVDTJ&k=SJFSFUYRM
MAL0065,NJEJRYS7F,3LSCEUWFM,https://seal-trace.com/?t=NJEJRYS7F,https://seal-trace.com/?t=NJEJRYS7F&k=3LSCEUWFM
MAL0065,5T9RT63LU,KZSDJR4ZF,https://seal-trace.com/?t=5T9RT63LU,https://seal-trace.com/?t=5T9RT63LU&k=KZSDJR4ZF
MAL0065,7ZNK356SK,62RP7HZ2S,https://seal-trace.com/?t=7ZNK356SK,https://seal-trace.com/?t=7ZNK356SK&k=62RP7HZ2S
MAL0065,ET2X65UP2,ZA2HM9FL6,https://seal-trace.com/?t=ET2X65UP2,https://seal-trace.com/?t=ET2X65UP2&k=ZA2HM9FL6
"batch code","trace code","key code",url1,url2
MAL0066,XXWTA4DKC,9MH7MDWJN,https://seal-trace.com/?t=XXWTA4DKC,https://seal-trace.com/?t=XXWTA4DKC&k=9MH7MDWJN
MAL0066,TAWLZZS2M,JCPSPYWW4,https://seal-trace.com/?t=TAWLZZS2M,https://seal-trace.com/?t=TAWLZZS2M&k=JCPSPYWW4
MAL0066,SCCUUD3HU,HMTFZKMX5,https://seal-trace.com/?t=SCCUUD3HU,https://seal-trace.com/?t=SCCUUD3HU&k=HMTFZKMX5
MAL0066,RWY7S3YWM,STZXJJ22X,https://seal-trace.com/?t=RWY7S3YWM,https://seal-trace.com/?t=RWY7S3YWM&k=STZXJJ22X
MAL0066,LYXLYYJWP,DTZL5JH5P,https://seal-trace.com/?t=LYXLYYJWP,https://seal-trace.com/?t=LYXLYYJWP&k=DTZL5JH5P
MAL0066,XPXSVN7FC,V7E7LRSX4,https://seal-trace.com/?t=XPXSVN7FC,https://seal-trace.com/?t=XPXSVN7FC&k=V7E7LRSX4
MAL0066,63CTH3T7Y,JR3U3EPMM,https://seal-trace.com/?t=63CTH3T7Y,https://seal-trace.com/?t=63CTH3T7Y&k=JR3U3EPMM
MAL0066,7AMN7T5N7,VMRCM623Y,https://seal-trace.com/?t=7AMN7T5N7,https://seal-trace.com/?t=7AMN7T5N7&k=VMRCM623Y
MAL0066,4T7FM694D,URJ97SA35,https://seal-trace.com/?t=4T7FM694D,https://seal-trace.com/?t=4T7FM694D&k=URJ97SA35
MAL0066,5P9J3E75J,2ZFR3NSJS,https://seal-trace.com/?t=5P9J3E75J,https://seal-trace.com/?t=5P9J3E75J&k=2ZFR3NSJS
MAL0066,TAEYS4S2C,4EHU2SRCU,https://seal-trace.com/?t=TAEYS4S2C,https://seal-trace.com/?t=TAEYS4S2C&k=4EHU2SRCU
MAL0066,RXY4C4Z54,NA4F9Z6MA,https://seal-trace.com/?t=RXY4C4Z54,https://seal-trace.com/?t=RXY4C4Z54&k=NA4F9Z6MA
MAL0066,YW54XAP4V,9HVCAMMFK,https://seal-trace.com/?t=YW54XAP4V,https://seal-trace.com/?t=YW54XAP4V&k=9HVCAMMFK
MAL0066,6L2ETC7US,2MNX7ZXC9,https://seal-trace.com/?t=6L2ETC7US,https://seal-trace.com/?t=6L2ETC7US&k=2MNX7ZXC9
MAL0066,2ULHWAS5V,MALSLWLST,https://seal-trace.com/?t=2ULHWAS5V,https://seal-trace.com/?t=2ULHWAS5V&k=MALSLWLST
MAL0066,7PF233255,NUYCU4P9N,https://seal-trace.com/?t=7PF233255,https://seal-trace.com/?t=7PF233255&k=NUYCU4P9N
"batch code","trace code","key code",url1,url2
MAL0067,HE6YULRED,AMM73JMEC,https://seal-trace.com/?t=HE6YULRED,https://seal-trace.com/?t=HE6YULRED&k=AMM73JMEC
MAL0067,DPDMZM2CH,ZAJSVHX3N,https://seal-trace.com/?t=DPDMZM2CH,https://seal-trace.com/?t=DPDMZM2CH&k=ZAJSVHX3N
MAL0067,S533DL2HZ,JZXH9D9JW,https://seal-trace.com/?t=S533DL2HZ,https://seal-trace.com/?t=S533DL2HZ&k=JZXH9D9JW
MAL0067,DZSWKRK9P,SHXKZ2ELC,https://seal-trace.com/?t=DZSWKRK9P,https://seal-trace.com/?t=DZSWKRK9P&k=SHXKZ2ELC
MAL0067,VKU6ZKVP6,TCNR5UA5Y,https://seal-trace.com/?t=VKU6ZKVP6,https://seal-trace.com/?t=VKU6ZKVP6&k=TCNR5UA5Y
MAL0067,UFJR3R2Z3,KLCAXK3NC,https://seal-trace.com/?t=UFJR3R2Z3,https://seal-trace.com/?t=UFJR3R2Z3&k=KLCAXK3NC
MAL0067,RJ2UTD5PX,TV3UHVWPX,https://seal-trace.com/?t=RJ2UTD5PX,https://seal-trace.com/?t=RJ2UTD5PX&k=TV3UHVWPX
MAL0067,77HT6W6ST,43TFSLPTN,https://seal-trace.com/?t=77HT6W6ST,https://seal-trace.com/?t=77HT6W6ST&k=43TFSLPTN
MAL0067,59CVP9WK9,UPTY3DL3E,https://seal-trace.com/?t=59CVP9WK9,https://seal-trace.com/?t=59CVP9WK9&k=UPTY3DL3E
MAL0067,TCCT3VHXJ,3H4AEN9CS,https://seal-trace.com/?t=TCCT3VHXJ,https://seal-trace.com/?t=TCCT3VHXJ&k=3H4AEN9CS
MAL0067,NNK52J6PH,D5L5DP7XK,https://seal-trace.com/?t=NNK52J6PH,https://seal-trace.com/?t=NNK52J6PH&k=D5L5DP7XK
MAL0067,2DKEZTHCC,PSLTYMYNZ,https://seal-trace.com/?t=2DKEZTHCC,https://seal-trace.com/?t=2DKEZTHCC&k=PSLTYMYNZ
MAL0067,NCDSELJ7S,LCT9CKE77,https://seal-trace.com/?t=NCDSELJ7S,https://seal-trace.com/?t=NCDSELJ7S&k=LCT9CKE77
MAL0067,22YNDW24X,9YWWPZ95R,https://seal-trace.com/?t=22YNDW24X,https://seal-trace.com/?t=22YNDW24X&k=9YWWPZ95R
MAL0067,ZK5HPXRX5,XYYUEC3J4,https://seal-trace.com/?t=ZK5HPXRX5,https://seal-trace.com/?t=ZK5HPXRX5&k=XYYUEC3J4
MAL0067,WJKVFMFMA,HFKMXW93J,https://seal-trace.com/?t=WJKVFMFMA,https://seal-trace.com/?t=WJKVFMFMA&k=HFKMXW93J
"batch code","trace code","key code",url1,url2
MAL0068,TNHAEJYZ7,9XX44DUJD,https://seal-trace.com/?t=TNHAEJYZ7,https://seal-trace.com/?t=TNHAEJYZ7&k=9XX44DUJD
MAL0068,HRYMEUYAJ,4HPEZU9WT,https://seal-trace.com/?t=HRYMEUYAJ,https://seal-trace.com/?t=HRYMEUYAJ&k=4HPEZU9WT
MAL0068,Z49DWYKUV,J937W62P7,https://seal-trace.com/?t=Z49DWYKUV,https://seal-trace.com/?t=Z49DWYKUV&k=J937W62P7
MAL0068,FAZYZW97Y,7KM9DXK2J,https://seal-trace.com/?t=FAZYZW97Y,https://seal-trace.com/?t=FAZYZW97Y&k=7KM9DXK2J
MAL0068,X74FE3T55,HVL3VKW4D,https://seal-trace.com/?t=X74FE3T55,https://seal-trace.com/?t=X74FE3T55&k=HVL3VKW4D
MAL0068,TEE24P7CY,VXLY76KVX,https://seal-trace.com/?t=TEE24P7CY,https://seal-trace.com/?t=TEE24P7CY&k=VXLY76KVX
MAL0068,NRLY6CUYS,36T2RZUKN,https://seal-trace.com/?t=NRLY6CUYS,https://seal-trace.com/?t=NRLY6CUYS&k=36T2RZUKN
MAL0068,S395UNMJ7,VERF43ERV,https://seal-trace.com/?t=S395UNMJ7,https://seal-trace.com/?t=S395UNMJ7&k=VERF43ERV
MAL0068,EA2FD4RFW,VELZPRVYL,https://seal-trace.com/?t=EA2FD4RFW,https://seal-trace.com/?t=EA2FD4RFW&k=VELZPRVYL
MAL0068,6TX42KCRK,KVRDHSRCC,https://seal-trace.com/?t=6TX42KCRK,https://seal-trace.com/?t=6TX42KCRK&k=KVRDHSRCC
MAL0068,UYNDNUY2X,YMX9P9WE6,https://seal-trace.com/?t=UYNDNUY2X,https://seal-trace.com/?t=UYNDNUY2X&k=YMX9P9WE6
MAL0068,CCYRA4KPN,PKAF3MZC3,https://seal-trace.com/?t=CCYRA4KPN,https://seal-trace.com/?t=CCYRA4KPN&k=PKAF3MZC3
MAL0068,RCLNZZATL,W47KHZ22H,https://seal-trace.com/?t=RCLNZZATL,https://seal-trace.com/?t=RCLNZZATL&k=W47KHZ22H
MAL0068,35TZZ6927,CHJRJPDF4,https://seal-trace.com/?t=35TZZ6927,https://seal-trace.com/?t=35TZZ6927&k=CHJRJPDF4
MAL0068,7YZ26Z5NZ,SXURLPJV4,https://seal-trace.com/?t=7YZ26Z5NZ,https://seal-trace.com/?t=7YZ26Z5NZ&k=SXURLPJV4
MAL0068,SDNPRJ3EX,WDMJ5RDMK,https://seal-trace.com/?t=SDNPRJ3EX,https://seal-trace.com/?t=SDNPRJ3EX&k=WDMJ5RDMK
"batch code","trace code","key code",url1,url2
MAL0069,CPZSSU4YA,JFPEYUUPW,https://seal-trace.com/?t=CPZSSU4YA,https://seal-trace.com/?t=CPZSSU4YA&k=JFPEYUUPW
MAL0069,H9C7NWP7K,V2SYTSJEK,https://seal-trace.com/?t=H9C7NWP7K,https://seal-trace.com/?t=H9C7NWP7K&k=V2SYTSJEK
MAL0069,76M65FP94,MEZL3396D,https://seal-trace.com/?t=76M65FP94,https://seal-trace.com/?t=76M65FP94&k=MEZL3396D
MAL0069,XHUHH4TFT,NVRU9R9UL,https://seal-trace.com/?t=XHUHH4TFT,https://seal-trace.com/?t=XHUHH4TFT&k=NVRU9R9UL
MAL0069,SNCEWEU2L,F6VMP997C,https://seal-trace.com/?t=SNCEWEU2L,https://seal-trace.com/?t=SNCEWEU2L&k=F6VMP997C
MAL0069,7MR39U9ZJ,5WZ3STEVH,https://seal-trace.com/?t=7MR39U9ZJ,https://seal-trace.com/?t=7MR39U9ZJ&k=5WZ3STEVH
MAL0069,LWYAJZRJD,RTAVLV5NA,https://seal-trace.com/?t=LWYAJZRJD,https://seal-trace.com/?t=LWYAJZRJD&k=RTAVLV5NA
MAL0069,WD5YC4923,DTH76YS7U,https://seal-trace.com/?t=WD5YC4923,https://seal-trace.com/?t=WD5YC4923&k=DTH76YS7U
MAL0069,D4MJRLZZX,ENLTVDTT3,https://seal-trace.com/?t=D4MJRLZZX,https://seal-trace.com/?t=D4MJRLZZX&k=ENLTVDTT3
MAL0069,WZCKZU5DV,2XH2C54CX,https://seal-trace.com/?t=WZCKZU5DV,https://seal-trace.com/?t=WZCKZU5DV&k=2XH2C54CX
MAL0069,D7HTYT9FS,9TXKFCS9X,https://seal-trace.com/?t=D7HTYT9FS,https://seal-trace.com/?t=D7HTYT9FS&k=9TXKFCS9X
MAL0069,Y9HD6YCZL,2D456YR9V,https://seal-trace.com/?t=Y9HD6YCZL,https://seal-trace.com/?t=Y9HD6YCZL&k=2D456YR9V
MAL0069,7DE99UZ46,ZW9C5DYX7,https://seal-trace.com/?t=7DE99UZ46,https://seal-trace.com/?t=7DE99UZ46&k=ZW9C5DYX7
MAL0069,MJPN4E69K,UXSJVXKU3,https://seal-trace.com/?t=MJPN4E69K,https://seal-trace.com/?t=MJPN4E69K&k=UXSJVXKU3
MAL0069,HMV2R9P63,PJTJJZ99Z,https://seal-trace.com/?t=HMV2R9P63,https://seal-trace.com/?t=HMV2R9P63&k=PJTJJZ99Z
MAL0069,PV6NK5VJU,VP9HTY3H5,https://seal-trace.com/?t=PV6NK5VJU,https://seal-trace.com/?t=PV6NK5VJU&k=VP9HTY3H5
"batch code","trace code","key code",url1,url2
MAL0070,NPZTSJUM6,ZZUHEH5AX,https://seal-trace.com/?t=NPZTSJUM6,https://seal-trace.com/?t=NPZTSJUM6&k=ZZUHEH5AX
MAL0070,U2WSR7FDU,2TAJ7D92K,https://seal-trace.com/?t=U2WSR7FDU,https://seal-trace.com/?t=U2WSR7FDU&k=2TAJ7D92K
MAL0070,TEYL7R57F,V7EZ2V49C,https://seal-trace.com/?t=TEYL7R57F,https://seal-trace.com/?t=TEYL7R57F&k=V7EZ2V49C
MAL0070,269SZJ5FN,JPSPE46VA,https://seal-trace.com/?t=269SZJ5FN,https://seal-trace.com/?t=269SZJ5FN&k=JPSPE46VA
MAL0070,KV3C25XCS,YAC34ZTUN,https://seal-trace.com/?t=KV3C25XCS,https://seal-trace.com/?t=KV3C25XCS&k=YAC34ZTUN
MAL0070,DKJ6NT6WJ,PFLJJUMJH,https://seal-trace.com/?t=DKJ6NT6WJ,https://seal-trace.com/?t=DKJ6NT6WJ&k=PFLJJUMJH
MAL0070,FUC5EKWR3,Y3NNECARX,https://seal-trace.com/?t=FUC5EKWR3,https://seal-trace.com/?t=FUC5EKWR3&k=Y3NNECARX
MAL0070,ESWCKV5HJ,4PEYVULPS,https://seal-trace.com/?t=ESWCKV5HJ,https://seal-trace.com/?t=ESWCKV5HJ&k=4PEYVULPS
MAL0070,2CXA4PMSS,N57TUZ3HE,https://seal-trace.com/?t=2CXA4PMSS,https://seal-trace.com/?t=2CXA4PMSS&k=N57TUZ3HE
MAL0070,SEN4TJ3R6,7JHYH69RR,https://seal-trace.com/?t=SEN4TJ3R6,https://seal-trace.com/?t=SEN4TJ3R6&k=7JHYH69RR
MAL0070,Z7AC6SW56,YPWMU9D2A,https://seal-trace.com/?t=Z7AC6SW56,https://seal-trace.com/?t=Z7AC6SW56&k=YPWMU9D2A
MAL0070,HJNM7HRHS,MRF7C7RXW,https://seal-trace.com/?t=HJNM7HRHS,https://seal-trace.com/?t=HJNM7HRHS&k=MRF7C7RXW
MAL0070,7T4VE7WW3,V4NCVK3TR,https://seal-trace.com/?t=7T4VE7WW3,https://seal-trace.com/?t=7T4VE7WW3&k=V4NCVK3TR
MAL0070,N7N2CCL7U,T7M6P5PP4,https://seal-trace.com/?t=N7N2CCL7U,https://seal-trace.com/?t=N7N2CCL7U&k=T7M6P5PP4
MAL0070,PLUPZCE9V,NKSVUUMA4,https://seal-trace.com/?t=PLUPZCE9V,https://seal-trace.com/?t=PLUPZCE9V&k=NKSVUUMA4
MAL0070,EPDZHWVFP,9EM9NXY79,https://seal-trace.com/?t=EPDZHWVFP,https://seal-trace.com/?t=EPDZHWVFP&k=9EM9NXY79
"batch code","trace code","key code",url1,url2
MAL0071,C45ENMRVL,ZJMHLKX3N,https://seal-trace.com/?t=C45ENMRVL,https://seal-trace.com/?t=C45ENMRVL&k=ZJMHLKX3N
MAL0071,TRW6MCJJ4,AX7EL37MV,https://seal-trace.com/?t=TRW6MCJJ4,https://seal-trace.com/?t=TRW6MCJJ4&k=AX7EL37MV
MAL0071,3EJKXZKER,W6UNWA39N,https://seal-trace.com/?t=3EJKXZKER,https://seal-trace.com/?t=3EJKXZKER&k=W6UNWA39N
MAL0071,FTX5N7N92,59RD2JM63,https://seal-trace.com/?t=FTX5N7N92,https://seal-trace.com/?t=FTX5N7N92&k=59RD2JM63
MAL0071,4SY4UWLFZ,ZYWTZUPZ7,https://seal-trace.com/?t=4SY4UWLFZ,https://seal-trace.com/?t=4SY4UWLFZ&k=ZYWTZUPZ7
MAL0071,AACAFUVTA,LHTNES6RU,https://seal-trace.com/?t=AACAFUVTA,https://seal-trace.com/?t=AACAFUVTA&k=LHTNES6RU
MAL0071,R4KNDLCLH,7CHL7JM4X,https://seal-trace.com/?t=R4KNDLCLH,https://seal-trace.com/?t=R4KNDLCLH&k=7CHL7JM4X
MAL0071,AMHXUA6HU,JD2MJD4LU,https://seal-trace.com/?t=AMHXUA6HU,https://seal-trace.com/?t=AMHXUA6HU&k=JD2MJD4LU
MAL0071,AT7P7PXNP,RS5YPLA2D,https://seal-trace.com/?t=AT7P7PXNP,https://seal-trace.com/?t=AT7P7PXNP&k=RS5YPLA2D
MAL0071,M4NTSURR6,SPH9PPRWT,https://seal-trace.com/?t=M4NTSURR6,https://seal-trace.com/?t=M4NTSURR6&k=SPH9PPRWT
MAL0071,N7SYSD4W9,E4H73SU7V,https://seal-trace.com/?t=N7SYSD4W9,https://seal-trace.com/?t=N7SYSD4W9&k=E4H73SU7V
MAL0071,KC97XUC9E,PNY5K3SWS,https://seal-trace.com/?t=KC97XUC9E,https://seal-trace.com/?t=KC97XUC9E&k=PNY5K3SWS
MAL0071,5H7AH3369,H665LTETF,https://seal-trace.com/?t=5H7AH3369,https://seal-trace.com/?t=5H7AH3369&k=H665LTETF
MAL0071,FVZN6PNUY,E236SFTJF,https://seal-trace.com/?t=FVZN6PNUY,https://seal-trace.com/?t=FVZN6PNUY&k=E236SFTJF
MAL0071,DFRNN99MV,C7R7VF44N,https://seal-trace.com/?t=DFRNN99MV,https://seal-trace.com/?t=DFRNN99MV&k=C7R7VF44N
MAL0071,FWZSMRDFK,SPDRF25LE,https://seal-trace.com/?t=FWZSMRDFK,https://seal-trace.com/?t=FWZSMRDFK&k=SPDRF25LE
"batch code","trace code","key code",url1,url2
MAL0072,TLED4MAJP,2YP3LNL6J,https://seal-trace.com/?t=TLED4MAJP,https://seal-trace.com/?t=TLED4MAJP&k=2YP3LNL6J
MAL0072,C3TJ9HZ6K,37DDPS6E9,https://seal-trace.com/?t=C3TJ9HZ6K,https://seal-trace.com/?t=C3TJ9HZ6K&k=37DDPS6E9
MAL0072,DJ5ASWUZU,MNZLCSVHW,https://seal-trace.com/?t=DJ5ASWUZU,https://seal-trace.com/?t=DJ5ASWUZU&k=MNZLCSVHW
MAL0072,ZMCXTU2JD,FSA5DYJ7K,https://seal-trace.com/?t=ZMCXTU2JD,https://seal-trace.com/?t=ZMCXTU2JD&k=FSA5DYJ7K
MAL0072,Y3VVHLTJ9,DWWPNFY3C,https://seal-trace.com/?t=Y3VVHLTJ9,https://seal-trace.com/?t=Y3VVHLTJ9&k=DWWPNFY3C
MAL0072,UJ7EKZSFA,ALDFJ43CR,https://seal-trace.com/?t=UJ7EKZSFA,https://seal-trace.com/?t=UJ7EKZSFA&k=ALDFJ43CR
MAL0072,XNNUT5RFT,HSCUMADCF,https://seal-trace.com/?t=XNNUT5RFT,https://seal-trace.com/?t=XNNUT5RFT&k=HSCUMADCF
MAL0072,XT4WSP5PF,YU3R9AFL7,https://seal-trace.com/?t=XT4WSP5PF,https://seal-trace.com/?t=XT4WSP5PF&k=YU3R9AFL7
MAL0072,YNLX74MN7,M3WZFY9YZ,https://seal-trace.com/?t=YNLX74MN7,https://seal-trace.com/?t=YNLX74MN7&k=M3WZFY9YZ
MAL0072,C79CAHEYP,YA6UU2EDZ,https://seal-trace.com/?t=C79CAHEYP,https://seal-trace.com/?t=C79CAHEYP&k=YA6UU2EDZ
MAL0072,TUK9CJU4K,HSXXFH9P2,https://seal-trace.com/?t=TUK9CJU4K,https://seal-trace.com/?t=TUK9CJU4K&k=HSXXFH9P2
MAL0072,PSE5MCSWL,DK9PFW5VK,https://seal-trace.com/?t=PSE5MCSWL,https://seal-trace.com/?t=PSE5MCSWL&k=DK9PFW5VK
MAL0072,2YFSEL9XH,Z4AWS3EKN,https://seal-trace.com/?t=2YFSEL9XH,https://seal-trace.com/?t=2YFSEL9XH&k=Z4AWS3EKN
MAL0072,LD2DUP5YA,44VAA3MMA,https://seal-trace.com/?t=LD2DUP5YA,https://seal-trace.com/?t=LD2DUP5YA&k=44VAA3MMA
MAL0072,H5NTARL5E,R6E69PU5L,https://seal-trace.com/?t=H5NTARL5E,https://seal-trace.com/?t=H5NTARL5E&k=R6E69PU5L
MAL0072,27637UXZV,KKXFXJMTW,https://seal-trace.com/?t=27637UXZV,https://seal-trace.com/?t=27637UXZV&k=KKXFXJMTW
"batch code","trace code","key code",url1,url2
MAL0073,RW4UY4L9X,ZWW92X6J9,https://seal-trace.com/?t=RW4UY4L9X,https://seal-trace.com/?t=RW4UY4L9X&k=ZWW92X6J9
MAL0073,STD64CEZR,THVS7ZJM7,https://seal-trace.com/?t=STD64CEZR,https://seal-trace.com/?t=STD64CEZR&k=THVS7ZJM7
MAL0073,3EPEVPCMC,RFMZ3AM77,https://seal-trace.com/?t=3EPEVPCMC,https://seal-trace.com/?t=3EPEVPCMC&k=RFMZ3AM77
MAL0073,H7VWUYZRE,EZ5M67SDZ,https://seal-trace.com/?t=H7VWUYZRE,https://seal-trace.com/?t=H7VWUYZRE&k=EZ5M67SDZ
MAL0073,KP7RMA5MK,UU2YKYF9D,https://seal-trace.com/?t=KP7RMA5MK,https://seal-trace.com/?t=KP7RMA5MK&k=UU2YKYF9D
MAL0073,6UNPF3KUF,6DF5NWCXX,https://seal-trace.com/?t=6UNPF3KUF,https://seal-trace.com/?t=6UNPF3KUF&k=6DF5NWCXX
MAL0073,VTZ7JEYAR,UYJSZD6AF,https://seal-trace.com/?t=VTZ7JEYAR,https://seal-trace.com/?t=VTZ7JEYAR&k=UYJSZD6AF
MAL0073,NK93TDCEP,6RPJPKT6R,https://seal-trace.com/?t=NK93TDCEP,https://seal-trace.com/?t=NK93TDCEP&k=6RPJPKT6R
MAL0073,3HS4V65L5,CFDDRCW6K,https://seal-trace.com/?t=3HS4V65L5,https://seal-trace.com/?t=3HS4V65L5&k=CFDDRCW6K
MAL0073,9KMV2FYJW,LLC9ASXSM,https://seal-trace.com/?t=9KMV2FYJW,https://seal-trace.com/?t=9KMV2FYJW&k=LLC9ASXSM
MAL0073,C2WWTA6KX,NKKEEJZHH,https://seal-trace.com/?t=C2WWTA6KX,https://seal-trace.com/?t=C2WWTA6KX&k=NKKEEJZHH
MAL0073,RUDF235LK,P3732DWY2,https://seal-trace.com/?t=RUDF235LK,https://seal-trace.com/?t=RUDF235LK&k=P3732DWY2
MAL0073,FNJU59U7X,ULTHHJEDU,https://seal-trace.com/?t=FNJU59U7X,https://seal-trace.com/?t=FNJU59U7X&k=ULTHHJEDU
MAL0073,A5FMTYCZV,P55DP4E74,https://seal-trace.com/?t=A5FMTYCZV,https://seal-trace.com/?t=A5FMTYCZV&k=P55DP4E74
MAL0073,3H666UL6V,U6JSAXNTJ,https://seal-trace.com/?t=3H666UL6V,https://seal-trace.com/?t=3H666UL6V&k=U6JSAXNTJ
MAL0073,DK99DC696,LWRUDWWHA,https://seal-trace.com/?t=DK99DC696,https://seal-trace.com/?t=DK99DC696&k=LWRUDWWHA
"batch code","trace code","key code",url1,url2
MAL0075,PAKTYVUN3,FNFMPSA72,https://seal-trace.com/?t=PAKTYVUN3,https://seal-trace.com/?t=PAKTYVUN3&k=FNFMPSA72
MAL0075,HL59ADPRF,3U7DWEFAW,https://seal-trace.com/?t=HL59ADPRF,https://seal-trace.com/?t=HL59ADPRF&k=3U7DWEFAW
MAL0075,ME79D5SAS,HM7FKR7X9,https://seal-trace.com/?t=ME79D5SAS,https://seal-trace.com/?t=ME79D5SAS&k=HM7FKR7X9
MAL0075,ATJS9VP4N,V3PRCLELT,https://seal-trace.com/?t=ATJS9VP4N,https://seal-trace.com/?t=ATJS9VP4N&k=V3PRCLELT
MAL0075,L5PJ9VNM6,6F95LWKNM,https://seal-trace.com/?t=L5PJ9VNM6,https://seal-trace.com/?t=L5PJ9VNM6&k=6F95LWKNM
MAL0075,66SNNXA3J,3EA5KFSAR,https://seal-trace.com/?t=66SNNXA3J,https://seal-trace.com/?t=66SNNXA3J&k=3EA5KFSAR
MAL0075,CXWVPDVUS,YYPLDZH2P,https://seal-trace.com/?t=CXWVPDVUS,https://seal-trace.com/?t=CXWVPDVUS&k=YYPLDZH2P
MAL0075,V36K5R3RL,PFJKCAXE9,https://seal-trace.com/?t=V36K5R3RL,https://seal-trace.com/?t=V36K5R3RL&k=PFJKCAXE9
MAL0075,K6YPENKNH,N7FACJPX6,https://seal-trace.com/?t=K6YPENKNH,https://seal-trace.com/?t=K6YPENKNH&k=N7FACJPX6
MAL0075,C96LFDJY4,U2VDYR2DW,https://seal-trace.com/?t=C96LFDJY4,https://seal-trace.com/?t=C96LFDJY4&k=U2VDYR2DW
MAL0075,AMNNMU4ZS,YMV6YZF27,https://seal-trace.com/?t=AMNNMU4ZS,https://seal-trace.com/?t=AMNNMU4ZS&k=YMV6YZF27
MAL0075,7PA6YCCE2,794MEZNLD,https://seal-trace.com/?t=7PA6YCCE2,https://seal-trace.com/?t=7PA6YCCE2&k=794MEZNLD
MAL0075,PA5PKJ9R9,2A43DSLDA,https://seal-trace.com/?t=PA5PKJ9R9,https://seal-trace.com/?t=PA5PKJ9R9&k=2A43DSLDA
MAL0075,RF9MNDHFL,95MR3SXHC,https://seal-trace.com/?t=RF9MNDHFL,https://seal-trace.com/?t=RF9MNDHFL&k=95MR3SXHC
MAL0075,URVLWU2M4,YYLVZLJ2N,https://seal-trace.com/?t=URVLWU2M4,https://seal-trace.com/?t=URVLWU2M4&k=YYLVZLJ2N
MAL0075,RMUW4SLHZ,5KKDC466F,https://seal-trace.com/?t=RMUW4SLHZ,https://seal-trace.com/?t=RMUW4SLHZ&k=5KKDC466F
"batch code","trace code","key code",url1,url2
MAL0076,4NMAMJYFW,492MCXVX7,https://seal-trace.com/?t=4NMAMJYFW,https://seal-trace.com/?t=4NMAMJYFW&k=492MCXVX7
MAL0076,FFAJSL3MZ,NAR743X5T,https://seal-trace.com/?t=FFAJSL3MZ,https://seal-trace.com/?t=FFAJSL3MZ&k=NAR743X5T
MAL0076,J76H76WJE,M97HVCSTE,https://seal-trace.com/?t=J76H76WJE,https://seal-trace.com/?t=J76H76WJE&k=M97HVCSTE
MAL0076,3CKYK3UYV,DFJ436UPF,https://seal-trace.com/?t=3CKYK3UYV,https://seal-trace.com/?t=3CKYK3UYV&k=DFJ436UPF
MAL0076,SYVWKNUA2,UKRVLZWUE,https://seal-trace.com/?t=SYVWKNUA2,https://seal-trace.com/?t=SYVWKNUA2&k=UKRVLZWUE
MAL0076,P2W7C4AYJ,X5Y7DEL7M,https://seal-trace.com/?t=P2W7C4AYJ,https://seal-trace.com/?t=P2W7C4AYJ&k=X5Y7DEL7M
MAL0076,7V7YW6JZK,SLD7ZUCWR,https://seal-trace.com/?t=7V7YW6JZK,https://seal-trace.com/?t=7V7YW6JZK&k=SLD7ZUCWR
MAL0076,SEP55HTUV,JTLJHNMA5,https://seal-trace.com/?t=SEP55HTUV,https://seal-trace.com/?t=SEP55HTUV&k=JTLJHNMA5
MAL0076,L2RSJZNMT,7FYR9NMH3,https://seal-trace.com/?t=L2RSJZNMT,https://seal-trace.com/?t=L2RSJZNMT&k=7FYR9NMH3
MAL0076,TM5X3C3JL,95NJ2RFPK,https://seal-trace.com/?t=TM5X3C3JL,https://seal-trace.com/?t=TM5X3C3JL&k=95NJ2RFPK
MAL0076,FFKZUVED3,AYVFKEJXR,https://seal-trace.com/?t=FFKZUVED3,https://seal-trace.com/?t=FFKZUVED3&k=AYVFKEJXR
MAL0076,KCPJUF2AA,D32K4TKRS,https://seal-trace.com/?t=KCPJUF2AA,https://seal-trace.com/?t=KCPJUF2AA&k=D32K4TKRS
MAL0076,EH2RMZMDT,Y3F9775HL,https://seal-trace.com/?t=EH2RMZMDT,https://seal-trace.com/?t=EH2RMZMDT&k=Y3F9775HL
MAL0076,3CUUTC4KX,ALSCJS7J9,https://seal-trace.com/?t=3CUUTC4KX,https://seal-trace.com/?t=3CUUTC4KX&k=ALSCJS7J9
MAL0076,LWE43S2S6,TDMCTKLHM,https://seal-trace.com/?t=LWE43S2S6,https://seal-trace.com/?t=LWE43S2S6&k=TDMCTKLHM
MAL0076,S94C7MYHP,VZU5XL9MC,https://seal-trace.com/?t=S94C7MYHP,https://seal-trace.com/?t=S94C7MYHP&k=VZU5XL9MC
"batch code","trace code","key code",url1,url2
MAL0077,WNEFK2R3C,EA3476NS5,https://seal-trace.com/?t=WNEFK2R3C,https://seal-trace.com/?t=WNEFK2R3C&k=EA3476NS5
MAL0077,JPK3LWLJS,DUDAU2EHZ,https://seal-trace.com/?t=JPK3LWLJS,https://seal-trace.com/?t=JPK3LWLJS&k=DUDAU2EHZ
MAL0077,NFE9D9WDV,YZDCSX6T5,https://seal-trace.com/?t=NFE9D9WDV,https://seal-trace.com/?t=NFE9D9WDV&k=YZDCSX6T5
MAL0077,6MWVEVKNW,H73N69ZM7,https://seal-trace.com/?t=6MWVEVKNW,https://seal-trace.com/?t=6MWVEVKNW&k=H73N69ZM7
MAL0077,FVNYZJDF2,AXX9NJAC5,https://seal-trace.com/?t=FVNYZJDF2,https://seal-trace.com/?t=FVNYZJDF2&k=AXX9NJAC5
MAL0077,PNRPRS6LV,22S5UEAR6,https://seal-trace.com/?t=PNRPRS6LV,https://seal-trace.com/?t=PNRPRS6LV&k=22S5UEAR6
MAL0077,SPSW23VDK,9P42F2X5Y,https://seal-trace.com/?t=SPSW23VDK,https://seal-trace.com/?t=SPSW23VDK&k=9P42F2X5Y
MAL0077,MZ4JSHK95,6ZNRDKJUF,https://seal-trace.com/?t=MZ4JSHK95,https://seal-trace.com/?t=MZ4JSHK95&k=6ZNRDKJUF
MAL0077,RV7M3NN9C,KA2CRW2E7,https://seal-trace.com/?t=RV7M3NN9C,https://seal-trace.com/?t=RV7M3NN9C&k=KA2CRW2E7
MAL0077,TF3PADPHK,ZD329U4JY,https://seal-trace.com/?t=TF3PADPHK,https://seal-trace.com/?t=TF3PADPHK&k=ZD329U4JY
MAL0077,WPCJHZ7SF,2CZJHPXXR,https://seal-trace.com/?t=WPCJHZ7SF,https://seal-trace.com/?t=WPCJHZ7SF&k=2CZJHPXXR
MAL0077,MM5V9AD3U,E3LKJMS7X,https://seal-trace.com/?t=MM5V9AD3U,https://seal-trace.com/?t=MM5V9AD3U&k=E3LKJMS7X
MAL0077,TM539XX3F,ALSEKY7NU,https://seal-trace.com/?t=TM539XX3F,https://seal-trace.com/?t=TM539XX3F&k=ALSEKY7NU
MAL0077,TNFK4WPDZ,2JEFTZHLN,https://seal-trace.com/?t=TNFK4WPDZ,https://seal-trace.com/?t=TNFK4WPDZ&k=2JEFTZHLN
MAL0077,HNEVJTDYY,H3J4WDRR3,https://seal-trace.com/?t=HNEVJTDYY,https://seal-trace.com/?t=HNEVJTDYY&k=H3J4WDRR3
MAL0077,XMNSXKUAK,DNCYT7Y4N,https://seal-trace.com/?t=XMNSXKUAK,https://seal-trace.com/?t=XMNSXKUAK&k=DNCYT7Y4N
"batch code","trace code","key code",url1,url2
MAL0078,9MA4DH5HE,FUAKXLWKP,https://seal-trace.com/?t=9MA4DH5HE,https://seal-trace.com/?t=9MA4DH5HE&k=FUAKXLWKP
MAL0078,9JMM9D4NU,Y5SDY9ZK3,https://seal-trace.com/?t=9JMM9D4NU,https://seal-trace.com/?t=9JMM9D4NU&k=Y5SDY9ZK3
MAL0078,XSYAUSTRR,UWTW4F6F2,https://seal-trace.com/?t=XSYAUSTRR,https://seal-trace.com/?t=XSYAUSTRR&k=UWTW4F6F2
MAL0078,EV2NA2KA3,N9WJFKAWE,https://seal-trace.com/?t=EV2NA2KA3,https://seal-trace.com/?t=EV2NA2KA3&k=N9WJFKAWE
MAL0078,JP7MKP2UJ,Z2PLCTEPY,https://seal-trace.com/?t=JP7MKP2UJ,https://seal-trace.com/?t=JP7MKP2UJ&k=Z2PLCTEPY
MAL0078,WUW5DPSRE,5AFM97P6E,https://seal-trace.com/?t=WUW5DPSRE,https://seal-trace.com/?t=WUW5DPSRE&k=5AFM97P6E
MAL0078,F9NN9CPRX,FT6ERYF3F,https://seal-trace.com/?t=F9NN9CPRX,https://seal-trace.com/?t=F9NN9CPRX&k=FT6ERYF3F
MAL0078,7LEVM44F2,C72LFPUYA,https://seal-trace.com/?t=7LEVM44F2,https://seal-trace.com/?t=7LEVM44F2&k=C72LFPUYA
MAL0078,CJH59DHRU,J2H5EUS57,https://seal-trace.com/?t=CJH59DHRU,https://seal-trace.com/?t=CJH59DHRU&k=J2H5EUS57
MAL0078,D9L7JN69W,FY3W2NW3R,https://seal-trace.com/?t=D9L7JN69W,https://seal-trace.com/?t=D9L7JN69W&k=FY3W2NW3R
MAL0078,6MAF5JYVK,PXHVPY5SX,https://seal-trace.com/?t=6MAF5JYVK,https://seal-trace.com/?t=6MAF5JYVK&k=PXHVPY5SX
MAL0078,FXRRHX9MW,UWR3AACH6,https://seal-trace.com/?t=FXRRHX9MW,https://seal-trace.com/?t=FXRRHX9MW&k=UWR3AACH6
MAL0078,DSCX5WZ6Z,WN5WMMR9L,https://seal-trace.com/?t=DSCX5WZ6Z,https://seal-trace.com/?t=DSCX5WZ6Z&k=WN5WMMR9L
MAL0078,45L6HNAJH,AHJ6ACKV6,https://seal-trace.com/?t=45L6HNAJH,https://seal-trace.com/?t=45L6HNAJH&k=AHJ6ACKV6
MAL0078,CD6D9XXEX,NSL4DM7LV,https://seal-trace.com/?t=CD6D9XXEX,https://seal-trace.com/?t=CD6D9XXEX&k=NSL4DM7LV
MAL0078,VLMX49CE9,WNDPU7J42,https://seal-trace.com/?t=VLMX49CE9,https://seal-trace.com/?t=VLMX49CE9&k=WNDPU7J42
"batch code","trace code","key code",url1,url2
MAL0079,MZFWTF3WS,94NV23AL2,https://seal-trace.com/?t=MZFWTF3WS,https://seal-trace.com/?t=MZFWTF3WS&k=94NV23AL2
MAL0079,E3ZPCRYVF,KCSEPMVZV,https://seal-trace.com/?t=E3ZPCRYVF,https://seal-trace.com/?t=E3ZPCRYVF&k=KCSEPMVZV
MAL0079,MPF3LTNCL,ATN5J3A3E,https://seal-trace.com/?t=MPF3LTNCL,https://seal-trace.com/?t=MPF3LTNCL&k=ATN5J3A3E
MAL0079,H67TNJEHA,ADF73ZH4L,https://seal-trace.com/?t=H67TNJEHA,https://seal-trace.com/?t=H67TNJEHA&k=ADF73ZH4L
MAL0079,TNFPT6APV,ZU24VRT49,https://seal-trace.com/?t=TNFPT6APV,https://seal-trace.com/?t=TNFPT6APV&k=ZU24VRT49
MAL0079,D79NNTV2J,P3FJHDM6X,https://seal-trace.com/?t=D79NNTV2J,https://seal-trace.com/?t=D79NNTV2J&k=P3FJHDM6X
MAL0079,S9XMTFPLE,DL24LXM29,https://seal-trace.com/?t=S9XMTFPLE,https://seal-trace.com/?t=S9XMTFPLE&k=DL24LXM29
MAL0079,Z69DC9SW6,TPPW72DXZ,https://seal-trace.com/?t=Z69DC9SW6,https://seal-trace.com/?t=Z69DC9SW6&k=TPPW72DXZ
MAL0079,M3VUU4N4D,PH9HP923S,https://seal-trace.com/?t=M3VUU4N4D,https://seal-trace.com/?t=M3VUU4N4D&k=PH9HP923S
MAL0079,FDAEC63FH,UKE4MRXZ2,https://seal-trace.com/?t=FDAEC63FH,https://seal-trace.com/?t=FDAEC63FH&k=UKE4MRXZ2
MAL0079,SZW34TS93,6KWUPHNTR,https://seal-trace.com/?t=SZW34TS93,https://seal-trace.com/?t=SZW34TS93&k=6KWUPHNTR
MAL0079,K43N3DNJ4,SVSW7LE4E,https://seal-trace.com/?t=K43N3DNJ4,https://seal-trace.com/?t=K43N3DNJ4&k=SVSW7LE4E
MAL0079,KDJPDK7RD,EWMP7S2Y9,https://seal-trace.com/?t=KDJPDK7RD,https://seal-trace.com/?t=KDJPDK7RD&k=EWMP7S2Y9
MAL0079,JH4DCCVDR,AVVR7FWT6,https://seal-trace.com/?t=JH4DCCVDR,https://seal-trace.com/?t=JH4DCCVDR&k=AVVR7FWT6
MAL0079,HRUJLXHXS,2M5H9S4LD,https://seal-trace.com/?t=HRUJLXHXS,https://seal-trace.com/?t=HRUJLXHXS&k=2M5H9S4LD
MAL0079,VL2573AHD,5H9TNNH5H,https://seal-trace.com/?t=VL2573AHD,https://seal-trace.com/?t=VL2573AHD&k=5H9TNNH5H
"batch code","trace code","key code",url1,url2
MAL0080,KF2VUWNHL,XPNNL5E9S,https://seal-trace.com/?t=KF2VUWNHL,https://seal-trace.com/?t=KF2VUWNHL&k=XPNNL5E9S
MAL0080,JVE27CNE5,6CY3KCLNT,https://seal-trace.com/?t=JVE27CNE5,https://seal-trace.com/?t=JVE27CNE5&k=6CY3KCLNT
MAL0080,YEMXFL3V3,DEAZ6XL3Y,https://seal-trace.com/?t=YEMXFL3V3,https://seal-trace.com/?t=YEMXFL3V3&k=DEAZ6XL3Y
MAL0080,MLH2Y4TWJ,EHWLRATFN,https://seal-trace.com/?t=MLH2Y4TWJ,https://seal-trace.com/?t=MLH2Y4TWJ&k=EHWLRATFN
MAL0080,LHHHSY7S9,DRANCWX63,https://seal-trace.com/?t=LHHHSY7S9,https://seal-trace.com/?t=LHHHSY7S9&k=DRANCWX63
MAL0080,JPKK742JH,MWMP2W3P4,https://seal-trace.com/?t=JPKK742JH,https://seal-trace.com/?t=JPKK742JH&k=MWMP2W3P4
MAL0080,XAJJCW3ZJ,V255H5ZMM,https://seal-trace.com/?t=XAJJCW3ZJ,https://seal-trace.com/?t=XAJJCW3ZJ&k=V255H5ZMM
MAL0080,AYKVKA557,9TSV4R27C,https://seal-trace.com/?t=AYKVKA557,https://seal-trace.com/?t=AYKVKA557&k=9TSV4R27C
MAL0080,CKN4Y3CR4,C354VPC5X,https://seal-trace.com/?t=CKN4Y3CR4,https://seal-trace.com/?t=CKN4Y3CR4&k=C354VPC5X
MAL0080,AYJH9J4PT,W3PEP9TRJ,https://seal-trace.com/?t=AYJH9J4PT,https://seal-trace.com/?t=AYJH9J4PT&k=W3PEP9TRJ
MAL0080,77S2952JR,D9WL5C4NU,https://seal-trace.com/?t=77S2952JR,https://seal-trace.com/?t=77S2952JR&k=D9WL5C4NU
MAL0080,3MKAYFDWY,URFNTZNVA,https://seal-trace.com/?t=3MKAYFDWY,https://seal-trace.com/?t=3MKAYFDWY&k=URFNTZNVA
MAL0080,DSY5TUE9A,J5YHUV7EH,https://seal-trace.com/?t=DSY5TUE9A,https://seal-trace.com/?t=DSY5TUE9A&k=J5YHUV7EH
MAL0080,9PWKL9USP,9FVAF7XJT,https://seal-trace.com/?t=9PWKL9USP,https://seal-trace.com/?t=9PWKL9USP&k=9FVAF7XJT
MAL0080,FCAPDC7S6,J42LMPN5A,https://seal-trace.com/?t=FCAPDC7S6,https://seal-trace.com/?t=FCAPDC7S6&k=J42LMPN5A
MAL0080,H55RV6LKW,JS3FR7XD7,https://seal-trace.com/?t=H55RV6LKW,https://seal-trace.com/?t=H55RV6LKW&k=JS3FR7XD7
"batch code","trace code","key code",url1,url2
MAL0081,ELRMYPP3U,SSR5ZCKVJ,https://seal-trace.com/?t=ELRMYPP3U,https://seal-trace.com/?t=ELRMYPP3U&k=SSR5ZCKVJ
MAL0081,RVDAJA3JC,X4W54NMTF,https://seal-trace.com/?t=RVDAJA3JC,https://seal-trace.com/?t=RVDAJA3JC&k=X4W54NMTF
MAL0081,4K9WHPZHN,DAVS959XY,https://seal-trace.com/?t=4K9WHPZHN,https://seal-trace.com/?t=4K9WHPZHN&k=DAVS959XY
MAL0081,ENJRPF36S,D25FVE7W2,https://seal-trace.com/?t=ENJRPF36S,https://seal-trace.com/?t=ENJRPF36S&k=D25FVE7W2
MAL0081,P2VWUWHSH,EKMX2R24D,https://seal-trace.com/?t=P2VWUWHSH,https://seal-trace.com/?t=P2VWUWHSH&k=EKMX2R24D
MAL0081,LY739REVW,T2V97NAM5,https://seal-trace.com/?t=LY739REVW,https://seal-trace.com/?t=LY739REVW&k=T2V97NAM5
MAL0081,CKSZ5XNTJ,NKTMZ6H6L,https://seal-trace.com/?t=CKSZ5XNTJ,https://seal-trace.com/?t=CKSZ5XNTJ&k=NKTMZ6H6L
MAL0081,7WR6VREPW,U3ZUUHS5Z,https://seal-trace.com/?t=7WR6VREPW,https://seal-trace.com/?t=7WR6VREPW&k=U3ZUUHS5Z
MAL0081,NT9JMCS6J,3XLYYRSJN,https://seal-trace.com/?t=NT9JMCS6J,https://seal-trace.com/?t=NT9JMCS6J&k=3XLYYRSJN
MAL0081,4RZV9EZ5F,E6YNAF4KX,https://seal-trace.com/?t=4RZV9EZ5F,https://seal-trace.com/?t=4RZV9EZ5F&k=E6YNAF4KX
MAL0081,5HTYJ4KZH,YFZLFY4UH,https://seal-trace.com/?t=5HTYJ4KZH,https://seal-trace.com/?t=5HTYJ4KZH&k=YFZLFY4UH
MAL0081,FKZ4DXR9M,K5KA4L2TF,https://seal-trace.com/?t=FKZ4DXR9M,https://seal-trace.com/?t=FKZ4DXR9M&k=K5KA4L2TF
MAL0081,UD969YVL2,HMEXL2ZN2,https://seal-trace.com/?t=UD969YVL2,https://seal-trace.com/?t=UD969YVL2&k=HMEXL2ZN2
MAL0081,2N2L9PD32,J7AHMJH23,https://seal-trace.com/?t=2N2L9PD32,https://seal-trace.com/?t=2N2L9PD32&k=J7AHMJH23
MAL0081,9N3935ZAL,YM96MX4YH,https://seal-trace.com/?t=9N3935ZAL,https://seal-trace.com/?t=9N3935ZAL&k=YM96MX4YH
MAL0081,AH6WR6EAF,EM3MF2PTV,https://seal-trace.com/?t=AH6WR6EAF,https://seal-trace.com/?t=AH6WR6EAF&k=EM3MF2PTV
"batch code","trace code","key code",url1,url2
MAL0082,5KJ246YAX,ZUJH7CD9V,https://seal-trace.com/?t=5KJ246YAX,https://seal-trace.com/?t=5KJ246YAX&k=ZUJH7CD9V
MAL0082,3PLPXMKYX,YN2YX3VU4,https://seal-trace.com/?t=3PLPXMKYX,https://seal-trace.com/?t=3PLPXMKYX&k=YN2YX3VU4
MAL0082,EFU6TYH6H,AMY9WTYM5,https://seal-trace.com/?t=EFU6TYH6H,https://seal-trace.com/?t=EFU6TYH6H&k=AMY9WTYM5
MAL0082,SURFHFXMH,26VH76NRD,https://seal-trace.com/?t=SURFHFXMH,https://seal-trace.com/?t=SURFHFXMH&k=26VH76NRD
MAL0082,M7W33D9T5,RHE47KL4L,https://seal-trace.com/?t=M7W33D9T5,https://seal-trace.com/?t=M7W33D9T5&k=RHE47KL4L
MAL0082,CPDYCCZ2E,PDFK2JFRJ,https://seal-trace.com/?t=CPDYCCZ2E,https://seal-trace.com/?t=CPDYCCZ2E&k=PDFK2JFRJ
MAL0082,TEH5SUAFH,CDEJKZPNF,https://seal-trace.com/?t=TEH5SUAFH,https://seal-trace.com/?t=TEH5SUAFH&k=CDEJKZPNF
MAL0082,EU2XLPVTC,MC5UREMK4,https://seal-trace.com/?t=EU2XLPVTC,https://seal-trace.com/?t=EU2XLPVTC&k=MC5UREMK4
MAL0082,LUAPHMZPT,UPVR2K33W,https://seal-trace.com/?t=LUAPHMZPT,https://seal-trace.com/?t=LUAPHMZPT&k=UPVR2K33W
MAL0082,UJCXKZ5MN,3XV3NVMTA,https://seal-trace.com/?t=UJCXKZ5MN,https://seal-trace.com/?t=UJCXKZ5MN&k=3XV3NVMTA
MAL0082,553T363DZ,DLYPYUZYN,https://seal-trace.com/?t=553T363DZ,https://seal-trace.com/?t=553T363DZ&k=DLYPYUZYN
MAL0082,UJVJHCY3F,KH6V9FZVV,https://seal-trace.com/?t=UJVJHCY3F,https://seal-trace.com/?t=UJVJHCY3F&k=KH6V9FZVV
MAL0082,R7M4H2PES,X42W4SL5V,https://seal-trace.com/?t=R7M4H2PES,https://seal-trace.com/?t=R7M4H2PES&k=X42W4SL5V
MAL0082,XT3TRKP6F,XSDVEZMUR,https://seal-trace.com/?t=XT3TRKP6F,https://seal-trace.com/?t=XT3TRKP6F&k=XSDVEZMUR
MAL0082,7THR33SP4,DJUSL94EW,https://seal-trace.com/?t=7THR33SP4,https://seal-trace.com/?t=7THR33SP4&k=DJUSL94EW
MAL0082,3ERZNCJXN,LLLCAEWZD,https://seal-trace.com/?t=3ERZNCJXN,https://seal-trace.com/?t=3ERZNCJXN&k=LLLCAEWZD
"batch code","trace code","key code",url1,url2
MAL0083,YPPPXU9NN,79WUHVYKZ,https://seal-trace.com/?t=YPPPXU9NN,https://seal-trace.com/?t=YPPPXU9NN&k=79WUHVYKZ
MAL0083,TEXVDJX29,3ETVNKJD5,https://seal-trace.com/?t=TEXVDJX29,https://seal-trace.com/?t=TEXVDJX29&k=3ETVNKJD5
MAL0083,K3V3DKY5L,UERR777DD,https://seal-trace.com/?t=K3V3DKY5L,https://seal-trace.com/?t=K3V3DKY5L&k=UERR777DD
MAL0083,DLPHFSPA5,EWV6X5SXD,https://seal-trace.com/?t=DLPHFSPA5,https://seal-trace.com/?t=DLPHFSPA5&k=EWV6X5SXD
MAL0083,JS2ULJTN9,XXN3PW5K3,https://seal-trace.com/?t=JS2ULJTN9,https://seal-trace.com/?t=JS2ULJTN9&k=XXN3PW5K3
MAL0083,3PXLTHP25,PNZM5EPZV,https://seal-trace.com/?t=3PXLTHP25,https://seal-trace.com/?t=3PXLTHP25&k=PNZM5EPZV
MAL0083,S7XUY5RMV,YLKN6KRNZ,https://seal-trace.com/?t=S7XUY5RMV,https://seal-trace.com/?t=S7XUY5RMV&k=YLKN6KRNZ
MAL0083,3EKU3RV3H,SRH6AH6RP,https://seal-trace.com/?t=3EKU3RV3H,https://seal-trace.com/?t=3EKU3RV3H&k=SRH6AH6RP
MAL0083,D6TUCDFLX,2V6PU2RRW,https://seal-trace.com/?t=D6TUCDFLX,https://seal-trace.com/?t=D6TUCDFLX&k=2V6PU2RRW
MAL0083,9FURMDNU2,5NH74FS72,https://seal-trace.com/?t=9FURMDNU2,https://seal-trace.com/?t=9FURMDNU2&k=5NH74FS72
MAL0083,MVAH67JS9,C4W3LP952,https://seal-trace.com/?t=MVAH67JS9,https://seal-trace.com/?t=MVAH67JS9&k=C4W3LP952
MAL0083,W55EVN97P,WML652D4P,https://seal-trace.com/?t=W55EVN97P,https://seal-trace.com/?t=W55EVN97P&k=WML652D4P
MAL0083,P3KULH3WW,VAWKPVNFY,https://seal-trace.com/?t=P3KULH3WW,https://seal-trace.com/?t=P3KULH3WW&k=VAWKPVNFY
MAL0083,2A5SX7RXS,EMCKYVRTP,https://seal-trace.com/?t=2A5SX7RXS,https://seal-trace.com/?t=2A5SX7RXS&k=EMCKYVRTP
MAL0083,3C42SZETV,DRA92RCFN,https://seal-trace.com/?t=3C42SZETV,https://seal-trace.com/?t=3C42SZETV&k=DRA92RCFN
MAL0083,PVWVHA9U9,759ACV66V,https://seal-trace.com/?t=PVWVHA9U9,https://seal-trace.com/?t=PVWVHA9U9&k=759ACV66V
"batch code","trace code","key code",url1,url2
MAL0084,M544RESDV,5PX4WTX56,https://seal-trace.com/?t=M544RESDV,https://seal-trace.com/?t=M544RESDV&k=5PX4WTX56
MAL0084,72246ERUE,M2KRLTK7A,https://seal-trace.com/?t=72246ERUE,https://seal-trace.com/?t=72246ERUE&k=M2KRLTK7A
MAL0084,T3V62T9MV,AYHCHRCFC,https://seal-trace.com/?t=T3V62T9MV,https://seal-trace.com/?t=T3V62T9MV&k=AYHCHRCFC
MAL0084,ZCTD95L57,CLVUNU9DW,https://seal-trace.com/?t=ZCTD95L57,https://seal-trace.com/?t=ZCTD95L57&k=CLVUNU9DW
MAL0084,SV77MVH27,ZT3Y5EAMW,https://seal-trace.com/?t=SV77MVH27,https://seal-trace.com/?t=SV77MVH27&k=ZT3Y5EAMW
MAL0084,CJDYMKMZW,AT5U4LSF6,https://seal-trace.com/?t=CJDYMKMZW,https://seal-trace.com/?t=CJDYMKMZW&k=AT5U4LSF6
MAL0084,EEESJW9CR,KDUSNZS4D,https://seal-trace.com/?t=EEESJW9CR,https://seal-trace.com/?t=EEESJW9CR&k=KDUSNZS4D
MAL0084,JNXKVZ43K,TS4CVW5TA,https://seal-trace.com/?t=JNXKVZ43K,https://seal-trace.com/?t=JNXKVZ43K&k=TS4CVW5TA
MAL0084,PFPSJTL4Z,X5YAF2E7Z,https://seal-trace.com/?t=PFPSJTL4Z,https://seal-trace.com/?t=PFPSJTL4Z&k=X5YAF2E7Z
MAL0084,2XKDRU5WZ,NDY2XHTHY,https://seal-trace.com/?t=2XKDRU5WZ,https://seal-trace.com/?t=2XKDRU5WZ&k=NDY2XHTHY
MAL0084,EUKJJSUCW,UENYH4R42,https://seal-trace.com/?t=EUKJJSUCW,https://seal-trace.com/?t=EUKJJSUCW&k=UENYH4R42
MAL0084,NFNE4HXLN,3ZAFWM46D,https://seal-trace.com/?t=NFNE4HXLN,https://seal-trace.com/?t=NFNE4HXLN&k=3ZAFWM46D
MAL0084,ECSVZW3CS,JJ5UY4TXE,https://seal-trace.com/?t=ECSVZW3CS,https://seal-trace.com/?t=ECSVZW3CS&k=JJ5UY4TXE
MAL0084,TMA95ZXHD,MTY7AXCVX,https://seal-trace.com/?t=TMA95ZXHD,https://seal-trace.com/?t=TMA95ZXHD&k=MTY7AXCVX
MAL0084,XFKNWPSJN,CMADNY72P,https://seal-trace.com/?t=XFKNWPSJN,https://seal-trace.com/?t=XFKNWPSJN&k=CMADNY72P
MAL0084,N2EX4UWSW,X3P3T3DVU,https://seal-trace.com/?t=N2EX4UWSW,https://seal-trace.com/?t=N2EX4UWSW&k=X3P3T3DVU
"batch code","trace code","key code",url1,url2
SAG0033,LC2DSFWSS,M9SUACYKW,https://seal-trace.com/?t=LC2DSFWSS,https://seal-trace.com/?t=LC2DSFWSS&k=M9SUACYKW
SAG0033,PK4KX52XY,TPNF3RH4L,https://seal-trace.com/?t=PK4KX52XY,https://seal-trace.com/?t=PK4KX52XY&k=TPNF3RH4L
SAG0033,65HW6NZ9R,XEK9FED7X,https://seal-trace.com/?t=65HW6NZ9R,https://seal-trace.com/?t=65HW6NZ9R&k=XEK9FED7X
SAG0033,DPY6CANY2,432TWCTPR,https://seal-trace.com/?t=DPY6CANY2,https://seal-trace.com/?t=DPY6CANY2&k=432TWCTPR
SAG0033,XYNAW3KS9,RWH3599LD,https://seal-trace.com/?t=XYNAW3KS9,https://seal-trace.com/?t=XYNAW3KS9&k=RWH3599LD
SAG0033,LKSYKXZHN,FEFKHT54H,https://seal-trace.com/?t=LKSYKXZHN,https://seal-trace.com/?t=LKSYKXZHN&k=FEFKHT54H
SAG0033,JAAEV7JCL,A2KURUNT9,https://seal-trace.com/?t=JAAEV7JCL,https://seal-trace.com/?t=JAAEV7JCL&k=A2KURUNT9
SAG0033,AD4NX49D7,DDALWZVK3,https://seal-trace.com/?t=AD4NX49D7,https://seal-trace.com/?t=AD4NX49D7&k=DDALWZVK3
SAG0033,WHH55M4PU,J2AYFC4F7,https://seal-trace.com/?t=WHH55M4PU,https://seal-trace.com/?t=WHH55M4PU&k=J2AYFC4F7
SAG0033,PM6SDVTM5,WK9XJCS4C,https://seal-trace.com/?t=PM6SDVTM5,https://seal-trace.com/?t=PM6SDVTM5&k=WK9XJCS4C
SAG0033,6W7ACDEFP,7LTSWCVTD,https://seal-trace.com/?t=6W7ACDEFP,https://seal-trace.com/?t=6W7ACDEFP&k=7LTSWCVTD
SAG0033,Y9A2H7MFT,4TX64JDVR,https://seal-trace.com/?t=Y9A2H7MFT,https://seal-trace.com/?t=Y9A2H7MFT&k=4TX64JDVR
SAG0033,2N9JKZ76E,AL4V6SH5D,https://seal-trace.com/?t=2N9JKZ76E,https://seal-trace.com/?t=2N9JKZ76E&k=AL4V6SH5D
SAG0033,NHXVNP7MX,RMC7UPKCH,https://seal-trace.com/?t=NHXVNP7MX,https://seal-trace.com/?t=NHXVNP7MX&k=RMC7UPKCH
SAG0033,34HPRPHP9,LJXZDCRZW,https://seal-trace.com/?t=34HPRPHP9,https://seal-trace.com/?t=34HPRPHP9&k=LJXZDCRZW
SAG0033,7EXYCYTKY,E7LLE5H3J,https://seal-trace.com/?t=7EXYCYTKY,https://seal-trace.com/?t=7EXYCYTKY&k=E7LLE5H3J
"batch code","trace code","key code",url1,url2
SAG0034,73RXLLU6Z,FLKD7JV4N,https://seal-trace.com/?t=73RXLLU6Z,https://seal-trace.com/?t=73RXLLU6Z&k=FLKD7JV4N
SAG0034,5P66WJCRP,LJ3KWR2KP,https://seal-trace.com/?t=5P66WJCRP,https://seal-trace.com/?t=5P66WJCRP&k=LJ3KWR2KP
SAG0034,H69U3VAPV,AM2PZDF3C,https://seal-trace.com/?t=H69U3VAPV,https://seal-trace.com/?t=H69U3VAPV&k=AM2PZDF3C
SAG0034,AD6N4MMF2,SASU4FTJF,https://seal-trace.com/?t=AD6N4MMF2,https://seal-trace.com/?t=AD6N4MMF2&k=SASU4FTJF
SAG0034,DMJ3USUES,E33267L2H,https://seal-trace.com/?t=DMJ3USUES,https://seal-trace.com/?t=DMJ3USUES&k=E33267L2H
SAG0034,TTXT7KSN3,4FVSPR457,https://seal-trace.com/?t=TTXT7KSN3,https://seal-trace.com/?t=TTXT7KSN3&k=4FVSPR457
SAG0034,7PFFJHT9K,ZKERPT56P,https://seal-trace.com/?t=7PFFJHT9K,https://seal-trace.com/?t=7PFFJHT9K&k=ZKERPT56P
SAG0034,UX6XUUE3V,UTH6N6F4U,https://seal-trace.com/?t=UX6XUUE3V,https://seal-trace.com/?t=UX6XUUE3V&k=UTH6N6F4U
SAG0034,WYYDCXCAN,CMYFATARK,https://seal-trace.com/?t=WYYDCXCAN,https://seal-trace.com/?t=WYYDCXCAN&k=CMYFATARK
SAG0034,H3T4TN97E,S9EJJF2DN,https://seal-trace.com/?t=H3T4TN97E,https://seal-trace.com/?t=H3T4TN97E&k=S9EJJF2DN
SAG0034,3Y76464WV,XYCHJTJU4,https://seal-trace.com/?t=3Y76464WV,https://seal-trace.com/?t=3Y76464WV&k=XYCHJTJU4
SAG0034,XF5NCWL25,N5KUS5TK2,https://seal-trace.com/?t=XF5NCWL25,https://seal-trace.com/?t=XF5NCWL25&k=N5KUS5TK2
SAG0034,XYA9MPMZJ,VE6NMFLRL,https://seal-trace.com/?t=XYA9MPMZJ,https://seal-trace.com/?t=XYA9MPMZJ&k=VE6NMFLRL
SAG0034,R7H96ZWXN,V9YF3K4JE,https://seal-trace.com/?t=R7H96ZWXN,https://seal-trace.com/?t=R7H96ZWXN&k=V9YF3K4JE
SAG0034,TENLVNNRK,ZV3LCJCNZ,https://seal-trace.com/?t=TENLVNNRK,https://seal-trace.com/?t=TENLVNNRK&k=ZV3LCJCNZ
SAG0034,4SLMVER5Z,PXSVZXAMD,https://seal-trace.com/?t=4SLMVER5Z,https://seal-trace.com/?t=4SLMVER5Z&k=PXSVZXAMD
batch code;trace code;key code;url1;url2
nix;nix;nix;nix;nix
nix;nix;nix;nix;nix
nix;nix;nix;nix;nix
nix;nix;nix;nix;nix
nix;nix;nix;nix;nix
nix;nix;nix;nix;nix
nix;nix;nix;nix;nix
nix;nix;nix;nix;nix
nix;nix;nix;nix;nix
nix;nix;nix;nix;nix
nix;nix;nix;nix;nix
nix;nix;nix;nix;nix
nix;nix;nix;nix;nix
nix;nix;nix;nix;nix
nix;nix;nix;nix;nix
nix;nix;nix;nix;nix
