HIA0113,6PULRJ92C,JAKHW99EF,https://seal-trace.com/?t=6PULRJ92C,https://seal-trace.com/?t=6PULRJ92C&k=JAKHW99EF
HIA0113,FFJ5EM6W5,U3CH9EMT5,https://seal-trace.com/?t=FFJ5EM6W5,https://seal-trace.com/?t=FFJ5EM6W5&k=U3CH9EMT5
HIA0113,VJMUCZY7A,52LUACJXS,https://seal-trace.com/?t=VJMUCZY7A,https://seal-trace.com/?t=VJMUCZY7A&k=52LUACJXS
HIA0113,ZC2K2LZY5,X3595PYSE,https://seal-trace.com/?t=ZC2K2LZY5,https://seal-trace.com/?t=ZC2K2LZY5&k=X3595PYSE
HIA0113,RUV5476DR,44D9A5HD5,https://seal-trace.com/?t=RUV5476DR,https://seal-trace.com/?t=RUV5476DR&k=44D9A5HD5
HIA0113,XSVECHKKK,P59RF4UC3,https://seal-trace.com/?t=XSVECHKKK,https://seal-trace.com/?t=XSVECHKKK&k=P59RF4UC3
HIA0113,7RFRLWM9N,HCU2UFMHM,https://seal-trace.com/?t=7RFRLWM9N,https://seal-trace.com/?t=7RFRLWM9N&k=HCU2UFMHM
HIA0113,2YLFFKEUJ,5CN5LWH36,https://seal-trace.com/?t=2YLFFKEUJ,https://seal-trace.com/?t=2YLFFKEUJ&k=5CN5LWH36
HIA0113,H4PYAXXL6,M9KDJNKES,https://seal-trace.com/?t=H4PYAXXL6,https://seal-trace.com/?t=H4PYAXXL6&k=M9KDJNKES
HIA0113,HDZZF5X2U,NRHYRCYCC,https://seal-trace.com/?t=HDZZF5X2U,https://seal-trace.com/?t=HDZZF5X2U&k=NRHYRCYCC
HIA0113,7K3WLYJY4,J3EXMTYLR,https://seal-trace.com/?t=7K3WLYJY4,https://seal-trace.com/?t=7K3WLYJY4&k=J3EXMTYLR
HIA0113,T3M5MXTAX,AT9VKNVHP,https://seal-trace.com/?t=T3M5MXTAX,https://seal-trace.com/?t=T3M5MXTAX&k=AT9VKNVHP
HIA0113,V9E7VL5VU,KAAE4ZEYM,https://seal-trace.com/?t=V9E7VL5VU,https://seal-trace.com/?t=V9E7VL5VU&k=KAAE4ZEYM
HIA0113,MLWHKR4SS,NSZCE5MAL,https://seal-trace.com/?t=MLWHKR4SS,https://seal-trace.com/?t=MLWHKR4SS&k=NSZCE5MAL
HIA0113,REEDMUL3N,FFFPRPF3T,https://seal-trace.com/?t=REEDMUL3N,https://seal-trace.com/?t=REEDMUL3N&k=FFFPRPF3T
HIA0113,ZL4EWUCCL,RKMWZP54C,https://seal-trace.com/?t=ZL4EWUCCL,https://seal-trace.com/?t=ZL4EWUCCL&k=RKMWZP54C
